project,method,algorithm,batch_size,builds_reqd,total_delay
cloud_controller_ng.csv,ml,NOBATCH,1,81.02766798418970,0
cloud_controller_ng.csv,ml,NOBATCH,2,43.47826086956520,1
cloud_controller_ng.csv,ml,NOBATCH,4,23.3201581027668,4
cloud_controller_ng.csv,ml,NOBATCH,8,12.25296442687750,1
cloud_controller_ng.csv,ml,NOBATCH,16,6.324110671936760,1
cloud_controller_ng.csv,ml,NOBATCH,32,3.1620553359683800,1
cloud_controller_ng.csv,ml,BATCH4,4,67.58893280632410,4
cloud_controller_ng.csv,ml,BATCHSTOP4,4,67.58893280632410,4
cloud_controller_ng.csv,ml,BATCHSTOP4,8,76.28458498023720,3
cloud_controller_ng.csv,ml,BATCHSTOP4,16,79.05138339920950,3
cloud_controller_ng.csv,ml,BATCHSTOP4,32,87.74703557312250,0
cloud_controller_ng.csv,ml,BATCHBISECT,1,68.3794466403162,22
cloud_controller_ng.csv,ml,BATCHBISECT,2,63.24110671936760,7
cloud_controller_ng.csv,ml,BATCHBISECT,4,69.1699604743083,4
cloud_controller_ng.csv,ml,BATCHBISECT,8,77.07509881422930,3
cloud_controller_ng.csv,ml,BATCHBISECT,16,80.63241106719370,3
cloud_controller_ng.csv,ml,BATCHBISECT,32,88.53754940711460,0
cloudify.csv,ml,NOBATCH,1,51.4344262295082,0
cloudify.csv,ml,NOBATCH,2,34.01639344262300,0
cloudify.csv,ml,NOBATCH,4,19.4672131147541,9
cloudify.csv,ml,NOBATCH,8,10.86065573770490,1
cloudify.csv,ml,NOBATCH,16,5.737704918032790,2
cloudify.csv,ml,NOBATCH,32,3.0737704918032800,0
cloudify.csv,ml,BATCH4,4,31.762295081967200,9
cloudify.csv,ml,BATCHSTOP4,4,31.762295081967200,9
cloudify.csv,ml,BATCHSTOP4,8,31.557377049180300,0
cloudify.csv,ml,BATCHSTOP4,16,28.483606557377000,0
cloudify.csv,ml,BATCHSTOP4,32,30.942622950819700,0
cloudify.csv,ml,BATCHBISECT,1,47.950819672131100,15
cloudify.csv,ml,BATCHBISECT,2,39.34426229508200,5
cloudify.csv,ml,BATCHBISECT,4,31.762295081967200,9
cloudify.csv,ml,BATCHBISECT,8,31.9672131147541,0
cloudify.csv,ml,BATCHBISECT,16,29.71311475409840,0
cloudify.csv,ml,BATCHBISECT,32,30.942622950819700,0
concerto.csv,ml,NOBATCH,1,63.793103448275900,1
concerto.csv,ml,NOBATCH,2,36.89655172413790,1
concerto.csv,ml,NOBATCH,4,21.724137931034500,2
concerto.csv,ml,NOBATCH,8,11.03448275862070,0
concerto.csv,ml,NOBATCH,16,6.206896551724140,1
concerto.csv,ml,NOBATCH,32,3.103448275862070,1
concerto.csv,ml,BATCH4,4,38.27586206896550,2
concerto.csv,ml,BATCHSTOP4,4,38.27586206896550,2
concerto.csv,ml,BATCHSTOP4,8,39.6551724137931,0
concerto.csv,ml,BATCHSTOP4,16,37.93103448275860,0
concerto.csv,ml,BATCHSTOP4,32,39.6551724137931,1
concerto.csv,ml,BATCHBISECT,1,59.310344827586200,9
concerto.csv,ml,BATCHBISECT,2,42.75862068965520,5
concerto.csv,ml,BATCHBISECT,4,38.96551724137930,2
concerto.csv,ml,BATCHBISECT,8,40.3448275862069,0
concerto.csv,ml,BATCHBISECT,16,40.0,0
concerto.csv,ml,BATCHBISECT,32,40.3448275862069,1
fog.csv,ml,NOBATCH,1,90.31339031339030,0
fog.csv,ml,NOBATCH,2,45.86894586894590,1
fog.csv,ml,NOBATCH,4,23.93162393162390,3
fog.csv,ml,NOBATCH,8,12.250712250712300,0
fog.csv,ml,NOBATCH,16,6.267806267806270,0
fog.csv,ml,NOBATCH,32,3.133903133903130,0
fog.csv,ml,BATCH4,4,66.0968660968661,3
fog.csv,ml,BATCHSTOP4,4,66.0968660968661,3
fog.csv,ml,BATCHSTOP4,8,72.64957264957270,0
fog.csv,ml,BATCHSTOP4,16,79.2022792022792,0
fog.csv,ml,BATCHSTOP4,32,79.48717948717950,0
fog.csv,ml,BATCHBISECT,1,82.33618233618230,11
fog.csv,ml,BATCHBISECT,2,70.94017094017090,4
fog.csv,ml,BATCHBISECT,4,70.65527065527070,3
fog.csv,ml,BATCHBISECT,8,78.34757834757840,0
fog.csv,ml,BATCHBISECT,16,82.62108262108260,0
fog.csv,ml,BATCHBISECT,32,85.18518518518520,0
geoserver.csv,ml,NOBATCH,1,89.88095238095240,0
geoserver.csv,ml,NOBATCH,2,48.80952380952380,0
geoserver.csv,ml,NOBATCH,4,23.80952380952380,7
geoserver.csv,ml,NOBATCH,8,12.5,1
geoserver.csv,ml,NOBATCH,16,6.547619047619050,0
geoserver.csv,ml,NOBATCH,32,3.571428571428570,0
geoserver.csv,ml,BATCH4,4,92.85714285714290,7
geoserver.csv,ml,BATCHSTOP4,4,92.85714285714290,7
geoserver.csv,ml,BATCHSTOP4,8,111.3095238095240,0
geoserver.csv,ml,BATCHSTOP4,16,117.26190476190500,0
geoserver.csv,ml,BATCHSTOP4,32,120.23809523809500,0
geoserver.csv,ml,BATCHBISECT,1,70.83333333333330,25
geoserver.csv,ml,BATCHBISECT,2,88.0952380952381,8
geoserver.csv,ml,BATCHBISECT,4,103.57142857142900,7
geoserver.csv,ml,BATCHBISECT,8,122.02380952381000,0
geoserver.csv,ml,BATCHBISECT,16,127.97619047619000,0
geoserver.csv,ml,BATCHBISECT,32,130.95238095238100,0
gradle.csv,ml,NOBATCH,1,45.601436265709200,11
gradle.csv,ml,NOBATCH,2,29.982046678635500,7
gradle.csv,ml,NOBATCH,4,18.850987432675000,25
gradle.csv,ml,NOBATCH,8,10.95152603231600,5
gradle.csv,ml,NOBATCH,16,5.9245960502693,3
gradle.csv,ml,NOBATCH,32,3.2315978456014400,0
gradle.csv,ml,BATCH4,4,28.186714542190300,25
gradle.csv,ml,BATCHSTOP4,4,28.186714542190300,25
gradle.csv,ml,BATCHSTOP4,8,29.443447037702000,5
gradle.csv,ml,BATCHSTOP4,16,31.95691202872530,0
gradle.csv,ml,BATCHSTOP4,32,34.1113105924596,0
gradle.csv,ml,BATCHBISECT,1,41.292639138240600,24
gradle.csv,ml,BATCHBISECT,2,33.39317773788150,20
gradle.csv,ml,BATCHBISECT,4,28.186714542190300,25
gradle.csv,ml,BATCHBISECT,8,29.802513464991000,5
gradle.csv,ml,BATCHBISECT,16,32.31597845601440,0
gradle.csv,ml,BATCHBISECT,32,34.1113105924596,0
graylog2-server.csv,ml,NOBATCH,1,72.06982543640900,0
graylog2-server.csv,ml,NOBATCH,2,41.39650872817960,0
graylog2-server.csv,ml,NOBATCH,4,22.9426433915212,1
graylog2-server.csv,ml,NOBATCH,8,11.970074812967600,0
graylog2-server.csv,ml,NOBATCH,16,6.234413965087280,0
graylog2-server.csv,ml,NOBATCH,32,3.2418952618453900,0
graylog2-server.csv,ml,BATCH4,4,28.92768079800500,1
graylog2-server.csv,ml,BATCHSTOP4,4,28.92768079800500,1
graylog2-server.csv,ml,BATCHSTOP4,8,22.443890274314200,0
graylog2-server.csv,ml,BATCHSTOP4,16,20.199501246882800,0
graylog2-server.csv,ml,BATCHSTOP4,32,20.69825436408980,0
graylog2-server.csv,ml,BATCHBISECT,1,70.07481296758110,3
graylog2-server.csv,ml,BATCHBISECT,2,43.39152119700750,3
graylog2-server.csv,ml,BATCHBISECT,4,28.92768079800500,1
graylog2-server.csv,ml,BATCHBISECT,8,22.443890274314200,0
graylog2-server.csv,ml,BATCHBISECT,16,20.199501246882800,0
graylog2-server.csv,ml,BATCHBISECT,32,20.69825436408980,0
jruby.csv,ml,NOBATCH,1,82.80871670702180,3
jruby.csv,ml,NOBATCH,2,44.79418886198550,4
jruby.csv,ml,NOBATCH,4,23.728813559322000,3
jruby.csv,ml,NOBATCH,8,12.106537530266300,2
jruby.csv,ml,NOBATCH,16,6.295399515738500,2
jruby.csv,ml,NOBATCH,32,3.1476997578692500,2
jruby.csv,ml,BATCH4,4,77.96610169491530,3
jruby.csv,ml,BATCHSTOP4,4,77.96610169491530,3
jruby.csv,ml,BATCHSTOP4,8,89.83050847457630,0
jruby.csv,ml,BATCHSTOP4,16,94.91525423728810,0
jruby.csv,ml,BATCHSTOP4,32,97.57869249394670,0
jruby.csv,ml,BATCHBISECT,1,71.67070217917680,33
jruby.csv,ml,BATCHBISECT,2,71.42857142857140,18
jruby.csv,ml,BATCHBISECT,4,84.26150121065380,3
jruby.csv,ml,BATCHBISECT,8,96.12590799031480,0
jruby.csv,ml,BATCHBISECT,16,101.21065375302700,0
jruby.csv,ml,BATCHBISECT,32,103.38983050847500,0
loomio.csv,ml,NOBATCH,1,77.5609756097561,0
loomio.csv,ml,NOBATCH,2,44.39024390243900,0
loomio.csv,ml,NOBATCH,4,22.92682926829270,0
loomio.csv,ml,NOBATCH,8,12.195121951219500,0
loomio.csv,ml,NOBATCH,16,6.341463414634150,0
loomio.csv,ml,NOBATCH,32,3.414634146341460,0
loomio.csv,ml,BATCH4,4,60.0,0
loomio.csv,ml,BATCHSTOP4,4,60.0,0
loomio.csv,ml,BATCHSTOP4,8,64.8780487804878,0
loomio.csv,ml,BATCHSTOP4,16,67.8048780487805,0
loomio.csv,ml,BATCHSTOP4,32,69.7560975609756,0
loomio.csv,ml,BATCHBISECT,1,67.3170731707317,14
loomio.csv,ml,BATCHBISECT,2,65.85365853658540,3
loomio.csv,ml,BATCHBISECT,4,65.85365853658540,0
loomio.csv,ml,BATCHBISECT,8,70.73170731707320,0
loomio.csv,ml,BATCHBISECT,16,73.65853658536590,0
loomio.csv,ml,BATCHBISECT,32,75.60975609756100,0
opal.csv,ml,NOBATCH,1,63.392857142857100,0
opal.csv,ml,NOBATCH,2,38.392857142857100,0
opal.csv,ml,NOBATCH,4,20.982142857142900,6
opal.csv,ml,NOBATCH,8,11.607142857142900,7
opal.csv,ml,NOBATCH,16,6.25,0
opal.csv,ml,NOBATCH,32,3.125,0
opal.csv,ml,BATCH4,4,33.482142857142900,6
opal.csv,ml,BATCHSTOP4,4,33.482142857142900,6
opal.csv,ml,BATCHSTOP4,8,27.678571428571400,7
opal.csv,ml,BATCHSTOP4,16,33.035714285714300,2
opal.csv,ml,BATCHSTOP4,32,37.94642857142860,0
opal.csv,ml,BATCHBISECT,1,60.71428571428570,4
opal.csv,ml,BATCHBISECT,2,43.75,3
opal.csv,ml,BATCHBISECT,4,33.482142857142900,6
opal.csv,ml,BATCHBISECT,8,28.571428571428600,7
opal.csv,ml,BATCHBISECT,16,33.035714285714300,2
opal.csv,ml,BATCHBISECT,32,37.94642857142860,0
open-build-service.csv,ml,NOBATCH,1,74.67811158798280,0
open-build-service.csv,ml,NOBATCH,2,42.27467811158800,0
open-build-service.csv,ml,NOBATCH,4,22.746781115879800,4
open-build-service.csv,ml,NOBATCH,8,12.017167381974200,0
open-build-service.csv,ml,NOBATCH,16,6.223175965665240,2
open-build-service.csv,ml,NOBATCH,32,3.218884120171670,0
open-build-service.csv,ml,BATCH4,4,57.93991416309010,4
open-build-service.csv,ml,BATCHSTOP4,4,57.93991416309010,4
open-build-service.csv,ml,BATCHSTOP4,8,65.02145922746780,1
open-build-service.csv,ml,BATCHSTOP4,16,68.88412017167380,0
open-build-service.csv,ml,BATCHSTOP4,32,72.74678111587980,0
open-build-service.csv,ml,BATCHBISECT,1,66.7381974248927,23
open-build-service.csv,ml,BATCHBISECT,2,57.72532188841200,11
open-build-service.csv,ml,BATCHBISECT,4,59.65665236051500,4
open-build-service.csv,ml,BATCHBISECT,8,65.87982832618030,1
open-build-service.csv,ml,BATCHBISECT,16,70.60085836909870,0
open-build-service.csv,ml,BATCHBISECT,32,73.60515021459230,0
orbeon-forms.csv,ml,NOBATCH,1,71.67381974248930,0
orbeon-forms.csv,ml,NOBATCH,2,41.63090128755370,0
orbeon-forms.csv,ml,NOBATCH,4,23.605150214592300,0
orbeon-forms.csv,ml,NOBATCH,8,12.017167381974200,0
orbeon-forms.csv,ml,NOBATCH,16,6.008583690987120,0
orbeon-forms.csv,ml,NOBATCH,32,3.433476394849790,0
orbeon-forms.csv,ml,BATCH4,4,56.223175965665200,0
orbeon-forms.csv,ml,BATCHSTOP4,4,56.223175965665200,0
orbeon-forms.csv,ml,BATCHSTOP4,8,55.36480686695280,0
orbeon-forms.csv,ml,BATCHSTOP4,16,61.37339055793990,0
orbeon-forms.csv,ml,BATCHSTOP4,32,62.66094420600860,0
orbeon-forms.csv,ml,BATCHBISECT,1,68.24034334763950,2
orbeon-forms.csv,ml,BATCHBISECT,2,58.36909871244640,0
orbeon-forms.csv,ml,BATCHBISECT,4,57.081545064377700,0
orbeon-forms.csv,ml,BATCHBISECT,8,57.93991416309010,0
orbeon-forms.csv,ml,BATCHBISECT,16,63.09012875536480,0
orbeon-forms.csv,ml,BATCHBISECT,32,65.23605150214590,0
puppet.csv,ml,NOBATCH,1,92.7536231884058,0
puppet.csv,ml,NOBATCH,2,49.27536231884060,0
puppet.csv,ml,NOBATCH,4,24.63768115942030,0
puppet.csv,ml,NOBATCH,8,13.043478260869600,0
puppet.csv,ml,NOBATCH,16,7.246376811594200,0
puppet.csv,ml,NOBATCH,32,4.3478260869565200,0
puppet.csv,ml,BATCH4,4,36.231884057971000,0
puppet.csv,ml,BATCHSTOP4,4,36.231884057971000,0
puppet.csv,ml,BATCHSTOP4,8,30.43478260869570,0
puppet.csv,ml,BATCHSTOP4,16,30.43478260869570,0
puppet.csv,ml,BATCHSTOP4,32,33.333333333333300,0
puppet.csv,ml,BATCHBISECT,1,92.7536231884058,0
puppet.csv,ml,BATCHBISECT,2,55.072463768115900,0
puppet.csv,ml,BATCHBISECT,4,36.231884057971000,0
puppet.csv,ml,BATCHBISECT,8,30.43478260869570,0
puppet.csv,ml,BATCHBISECT,16,30.43478260869570,0
puppet.csv,ml,BATCHBISECT,32,33.333333333333300,0
rails.csv,ml,NOBATCH,1,78.33446174678400,4
rails.csv,ml,NOBATCH,2,43.19566689234940,5
rails.csv,ml,NOBATCH,4,22.88422477995940,15
rails.csv,ml,NOBATCH,8,12.119160460392700,12
rails.csv,ml,NOBATCH,16,6.161137440758290,4
rails.csv,ml,NOBATCH,32,3.1144211238998000,0
rails.csv,ml,BATCH4,4,56.73662830060940,15
rails.csv,ml,BATCHSTOP4,4,56.73662830060940,15
rails.csv,ml,BATCHSTOP4,8,60.93432633716990,13
rails.csv,ml,BATCHSTOP4,16,67.29857819905210,2
rails.csv,ml,BATCHSTOP4,32,69.19431279620850,8
rails.csv,ml,BATCHBISECT,1,70.48070412999320,69
rails.csv,ml,BATCHBISECT,2,58.22613405551790,44
rails.csv,ml,BATCHBISECT,4,58.90318212593090,15
rails.csv,ml,BATCHBISECT,8,63.23628977657410,13
rails.csv,ml,BATCHBISECT,16,69.32972241029110,2
rails.csv,ml,BATCHBISECT,32,71.36086662153010,8
rubinius.csv,ml,NOBATCH,1,91.36363636363640,0
rubinius.csv,ml,NOBATCH,2,47.27272727272730,0
rubinius.csv,ml,NOBATCH,4,24.09090909090910,2
rubinius.csv,ml,NOBATCH,8,12.272727272727300,0
rubinius.csv,ml,NOBATCH,16,6.363636363636360,0
rubinius.csv,ml,NOBATCH,32,3.1818181818181800,0
rubinius.csv,ml,BATCH4,4,69.54545454545460,2
rubinius.csv,ml,BATCHSTOP4,4,69.54545454545460,2
rubinius.csv,ml,BATCHSTOP4,8,80.45454545454550,0
rubinius.csv,ml,BATCHSTOP4,16,87.27272727272730,0
rubinius.csv,ml,BATCHSTOP4,32,91.36363636363640,0
rubinius.csv,ml,BATCHBISECT,1,85.45454545454550,5
rubinius.csv,ml,BATCHBISECT,2,77.27272727272730,3
rubinius.csv,ml,BATCHBISECT,4,77.72727272727270,2
rubinius.csv,ml,BATCHBISECT,8,86.81818181818180,0
rubinius.csv,ml,BATCHBISECT,16,92.72727272727270,0
rubinius.csv,ml,BATCHBISECT,32,96.8181818181818,0
sonarqube.csv,ml,NOBATCH,1,79.0,2
sonarqube.csv,ml,NOBATCH,2,46.0,0
sonarqube.csv,ml,NOBATCH,4,23.0,7
sonarqube.csv,ml,NOBATCH,8,12.0,1
sonarqube.csv,ml,NOBATCH,16,6.333333333333330,0
sonarqube.csv,ml,NOBATCH,32,3.333333333333330,0
sonarqube.csv,ml,BATCH4,4,48.333333333333300,7
sonarqube.csv,ml,BATCHSTOP4,4,48.333333333333300,7
sonarqube.csv,ml,BATCHSTOP4,8,50.66666666666670,1
sonarqube.csv,ml,BATCHSTOP4,16,57.0,0
sonarqube.csv,ml,BATCHSTOP4,32,60.0,0
sonarqube.csv,ml,BATCHBISECT,1,75.33333333333330,12
sonarqube.csv,ml,BATCHBISECT,2,58.333333333333300,7
sonarqube.csv,ml,BATCHBISECT,4,49.0,7
sonarqube.csv,ml,BATCHBISECT,8,51.333333333333300,1
sonarqube.csv,ml,BATCHBISECT,16,57.0,0
sonarqube.csv,ml,BATCHBISECT,32,59.333333333333300,0
sufia.csv,ml,NOBATCH,1,84.21052631578950,0
sufia.csv,ml,NOBATCH,2,42.10526315789470,0
sufia.csv,ml,NOBATCH,4,26.31578947368420,0
sufia.csv,ml,NOBATCH,8,15.789473684210500,0
sufia.csv,ml,NOBATCH,16,10.526315789473700,0
sufia.csv,ml,NOBATCH,32,5.2631578947368400,0
sufia.csv,ml,BATCH4,4,47.36842105263160,0
sufia.csv,ml,BATCHSTOP4,4,47.36842105263160,0
sufia.csv,ml,BATCHSTOP4,8,47.36842105263160,0
sufia.csv,ml,BATCHSTOP4,16,52.63157894736840,0
sufia.csv,ml,BATCHSTOP4,32,57.89473684210530,0
sufia.csv,ml,BATCHBISECT,1,78.94736842105260,0
sufia.csv,ml,BATCHBISECT,2,52.63157894736840,0
sufia.csv,ml,BATCHBISECT,4,47.36842105263160,0
sufia.csv,ml,BATCHBISECT,8,47.36842105263160,0
sufia.csv,ml,BATCHBISECT,16,52.63157894736840,0
sufia.csv,ml,BATCHBISECT,32,47.36842105263160,0
vagrant.csv,ml,NOBATCH,1,70.4225352112676,0
vagrant.csv,ml,NOBATCH,2,38.732394366197200,0
vagrant.csv,ml,NOBATCH,4,22.183098591549300,2
vagrant.csv,ml,NOBATCH,8,11.971830985915500,2
vagrant.csv,ml,NOBATCH,16,6.338028169014090,0
vagrant.csv,ml,NOBATCH,32,3.1690140845070400,0
vagrant.csv,ml,BATCH4,4,33.45070422535210,2
vagrant.csv,ml,BATCHSTOP4,4,33.45070422535210,2
vagrant.csv,ml,BATCHSTOP4,8,28.87323943661970,2
vagrant.csv,ml,BATCHSTOP4,16,30.985915492957700,0
vagrant.csv,ml,BATCHSTOP4,32,28.52112676056340,2
vagrant.csv,ml,BATCHBISECT,1,66.54929577464790,2
vagrant.csv,ml,BATCHBISECT,2,43.66197183098590,2
vagrant.csv,ml,BATCHBISECT,4,33.45070422535210,2
vagrant.csv,ml,BATCHBISECT,8,28.87323943661970,2
vagrant.csv,ml,BATCHBISECT,16,30.985915492957700,0
vagrant.csv,ml,BATCHBISECT,32,27.816901408450700,2
metasploit-framework.csv,ml,NOBATCH,1,79.89623865110250,0
metasploit-framework.csv,ml,NOBATCH,2,44.3579766536965,0
metasploit-framework.csv,ml,NOBATCH,4,23.60570687418940,0
metasploit-framework.csv,ml,NOBATCH,8,12.06225680933850,0
metasploit-framework.csv,ml,NOBATCH,16,6.22568093385214,0
metasploit-framework.csv,ml,NOBATCH,32,3.11284046692607,0
metasploit-framework.csv,ml,BATCH4,4,35.53826199740600,0
metasploit-framework.csv,ml,BATCHSTOP4,4,35.53826199740600,0
metasploit-framework.csv,ml,BATCHSTOP4,8,30.220492866407300,0
metasploit-framework.csv,ml,BATCHSTOP4,16,28.53437094682230,0
metasploit-framework.csv,ml,BATCHSTOP4,32,29.053177691310000,0
metasploit-framework.csv,ml,BATCHBISECT,1,79.24773022049290,1
metasploit-framework.csv,ml,BATCHBISECT,2,50.58365758754860,0
metasploit-framework.csv,ml,BATCHBISECT,4,35.797665369649800,0
metasploit-framework.csv,ml,BATCHBISECT,8,30.220492866407300,0
metasploit-framework.csv,ml,BATCHBISECT,16,28.53437094682230,0
metasploit-framework.csv,ml,BATCHBISECT,32,29.053177691310000,0
vagrant.csv,ssr,NOBATCH,1,5.2816901206970200,49
vagrant.csv,ssr,NOBATCH,2,4.929577350616460,32
vagrant.csv,ssr,NOBATCH,4,4.577464580535890,41
vagrant.csv,ssr,NOBATCH,8,3.873239517211910,27
vagrant.csv,ssr,NOBATCH,16,3.1690139770507800,23
vagrant.csv,ssr,NOBATCH,32,2.1126761436462400,9
vagrant.csv,ssr,BATCHSTOP4,4,21.478872299194300,41
vagrant.csv,ssr,BATCHSTOP4,8,14.436619758606000,27
vagrant.csv,ssr,BATCHSTOP4,16,27.81690216064450,23
vagrant.csv,ssr,BATCHSTOP4,32,31.690141677856400,12
vagrant.csv,ssr,BATCHBISECT,1,5.2816901206970200,49
vagrant.csv,ssr,BATCHBISECT,2,6.3380279541015600,32
vagrant.csv,ssr,BATCHBISECT,4,7.394366264343260,41
vagrant.csv,ssr,BATCHBISECT,8,10.211267471313500,27
vagrant.csv,ssr,BATCHBISECT,16,19.36619758605960,23
vagrant.csv,ssr,BATCHBISECT,32,19.014083862304700,9
vagrant.csv,ssr,BATCH4,4,7.394366264343260,41
orbeon-forms.csv,ssr,NOBATCH,1,6.0085835456848100,78
orbeon-forms.csv,ssr,NOBATCH,2,5.579399108886720,71
orbeon-forms.csv,ssr,NOBATCH,4,5.579399108886720,69
orbeon-forms.csv,ssr,NOBATCH,8,4.721030235290530,86
orbeon-forms.csv,ssr,NOBATCH,16,3.433476448059080,49
orbeon-forms.csv,ssr,NOBATCH,32,2.1459226608276400,13
orbeon-forms.csv,ssr,BATCHSTOP4,4,21.03004264831540,69
orbeon-forms.csv,ssr,BATCHSTOP4,8,17.596567153930700,86
orbeon-forms.csv,ssr,BATCHSTOP4,16,42.06008529663090,49
orbeon-forms.csv,ssr,BATCHSTOP4,32,72.53218841552730,6
orbeon-forms.csv,ssr,BATCHBISECT,1,6.0085835456848100,78
orbeon-forms.csv,ssr,BATCHBISECT,2,9.0128755569458,71
orbeon-forms.csv,ssr,BATCHBISECT,4,14.163089752197300,69
orbeon-forms.csv,ssr,BATCHBISECT,8,13.304720878601100,86
orbeon-forms.csv,ssr,BATCHBISECT,16,30.042919158935500,49
orbeon-forms.csv,ssr,BATCHBISECT,32,45.06437683105470,13
orbeon-forms.csv,ssr,BATCH4,4,14.163089752197300,69
cloudify.csv,ssr,NOBATCH,1,5.327868938446050,86
cloudify.csv,ssr,NOBATCH,2,5.122951030731200,73
cloudify.csv,ssr,NOBATCH,4,4.918032646179200,81
cloudify.csv,ssr,NOBATCH,8,3.8934426307678200,76
cloudify.csv,ssr,NOBATCH,16,3.073770523071290,32
cloudify.csv,ssr,NOBATCH,32,2.254098415374760,33
cloudify.csv,ssr,BATCHSTOP4,4,41.18852615356450,76
cloudify.csv,ssr,BATCHSTOP4,8,0,0
cloudify.csv,ssr,BATCHSTOP4,16,0,0
cloudify.csv,ssr,BATCHSTOP4,32,0,0
cloudify.csv,ssr,BATCHBISECT,1,5.327868938446050,86
cloudify.csv,ssr,BATCHBISECT,2,7.172131061553960,73
cloudify.csv,ssr,BATCHBISECT,4,6.557376861572270,81
cloudify.csv,ssr,BATCHBISECT,8,10.860655784606900,76
cloudify.csv,ssr,BATCHBISECT,16,15.368852615356400,32
cloudify.csv,ssr,BATCHBISECT,32,19.87704849243160,33
cloudify.csv,ssr,BATCH4,4,6.557376861572270,81
concerto.csv,ssr,NOBATCH,1,5.1724138259887700,64
concerto.csv,ssr,NOBATCH,2,4.8275861740112300,79
concerto.csv,ssr,NOBATCH,4,4.482758522033690,62
concerto.csv,ssr,NOBATCH,8,3.7931034564971900,65
concerto.csv,ssr,NOBATCH,16,3.1034483909606900,36
concerto.csv,ssr,NOBATCH,32,2.068965435028080,36
concerto.csv,ssr,BATCHSTOP4,4,21.034482955932600,62
concerto.csv,ssr,BATCHSTOP4,8,43.7931022644043,7
concerto.csv,ssr,BATCHSTOP4,16,0,0
concerto.csv,ssr,BATCHSTOP4,32,0,0
concerto.csv,ssr,BATCHBISECT,1,5.1724138259887700,64
concerto.csv,ssr,BATCHBISECT,2,6.896551609039310,79
concerto.csv,ssr,BATCHBISECT,4,7.931034564971920,62
concerto.csv,ssr,BATCHBISECT,8,11.379310607910200,65
concerto.csv,ssr,BATCHBISECT,16,16.89655113220220,36
concerto.csv,ssr,BATCHBISECT,32,22.758621215820300,36
concerto.csv,ssr,BATCH4,4,7.241379261016850,62
graylog2-server.csv,ssr,NOBATCH,1,5.236907958984380,26
graylog2-server.csv,ssr,NOBATCH,2,4.9875311851501500,32
graylog2-server.csv,ssr,NOBATCH,4,4.488778114318850,43
graylog2-server.csv,ssr,NOBATCH,8,3.7406482696533200,28
graylog2-server.csv,ssr,NOBATCH,16,2.992518663406370,4
graylog2-server.csv,ssr,NOBATCH,32,1.9950125217437700,17
graylog2-server.csv,ssr,BATCHSTOP4,4,21.44638442993160,43
graylog2-server.csv,ssr,BATCHSTOP4,8,8.728179931640630,28
graylog2-server.csv,ssr,BATCHSTOP4,16,13.715710639953600,12
graylog2-server.csv,ssr,BATCHSTOP4,32,0,0
graylog2-server.csv,ssr,BATCHBISECT,1,5.236907958984380,26
graylog2-server.csv,ssr,BATCHBISECT,2,4.9875311851501500,32
graylog2-server.csv,ssr,BATCHBISECT,4,5.486284255981450,43
graylog2-server.csv,ssr,BATCHBISECT,8,6.7331671714782700,28
graylog2-server.csv,ssr,BATCHBISECT,16,12.967580795288100,4
graylog2-server.csv,ssr,BATCHBISECT,32,9.476308822631840,17
graylog2-server.csv,ssr,BATCH4,4,5.486284255981450,43
cloud_controller_ng.csv,ssr,NOBATCH,1,7.509881496429440,140
cloud_controller_ng.csv,ssr,NOBATCH,2,7.509881496429440,125
cloud_controller_ng.csv,ssr,NOBATCH,4,6.324110507965090,113
cloud_controller_ng.csv,ssr,NOBATCH,8,6.324110507965090,105
cloud_controller_ng.csv,ssr,NOBATCH,16,4.7430830001831100,72
cloud_controller_ng.csv,ssr,NOBATCH,32,3.9525692462921100,60
cloud_controller_ng.csv,ssr,BATCHSTOP4,4,17.39130401611330,113
cloud_controller_ng.csv,ssr,BATCHSTOP4,8,26.086956024169900,105
cloud_controller_ng.csv,ssr,BATCHSTOP4,16,36.75889205932620,74
cloud_controller_ng.csv,ssr,BATCHSTOP4,32,0,0
cloud_controller_ng.csv,ssr,BATCHBISECT,1,7.509881496429440,140
cloud_controller_ng.csv,ssr,BATCHBISECT,2,9.090909004211430,125
cloud_controller_ng.csv,ssr,BATCHBISECT,4,11.067193984985400,113
cloud_controller_ng.csv,ssr,BATCHBISECT,8,22.134387969970700,105
cloud_controller_ng.csv,ssr,BATCHBISECT,16,30.830039978027300,72
cloud_controller_ng.csv,ssr,BATCHBISECT,32,46.640316009521500,60
cloud_controller_ng.csv,ssr,BATCH4,4,11.067193984985400,113
loomio.csv,ssr,NOBATCH,1,6.829268455505370,109
loomio.csv,ssr,NOBATCH,2,6.829268455505370,126
loomio.csv,ssr,NOBATCH,4,5.853658676147460,96
loomio.csv,ssr,NOBATCH,8,5.853658676147460,76
loomio.csv,ssr,NOBATCH,16,4.390244007110600,65
loomio.csv,ssr,NOBATCH,32,2.4390244483947800,75
loomio.csv,ssr,BATCHSTOP4,4,19.512195587158200,96
loomio.csv,ssr,BATCHSTOP4,8,25.365854263305700,76
loomio.csv,ssr,BATCHSTOP4,16,37.56097412109380,40
loomio.csv,ssr,BATCHSTOP4,32,0,0
loomio.csv,ssr,BATCHBISECT,1,6.829268455505370,109
loomio.csv,ssr,BATCHBISECT,2,8.780488014221190,126
loomio.csv,ssr,BATCHBISECT,4,14.634146690368700,96
loomio.csv,ssr,BATCHBISECT,8,20.487804412841800,76
loomio.csv,ssr,BATCHBISECT,16,32.682926177978500,65
loomio.csv,ssr,BATCHBISECT,32,43.414634704589800,75
loomio.csv,ssr,BATCH4,4,13.658536911010700,96
rubinius.csv,ssr,NOBATCH,1,12.727272987365700,125
rubinius.csv,ssr,NOBATCH,2,12.727272987365700,125
rubinius.csv,ssr,NOBATCH,4,12.727272987365700,120
rubinius.csv,ssr,NOBATCH,8,12.272727012634300,117
rubinius.csv,ssr,NOBATCH,16,12.272727012634300,99
rubinius.csv,ssr,NOBATCH,32,10.0,80
rubinius.csv,ssr,BATCHSTOP4,4,16.363636016845700,120
rubinius.csv,ssr,BATCHSTOP4,8,40.0,84
rubinius.csv,ssr,BATCHSTOP4,16,0,0
rubinius.csv,ssr,BATCHSTOP4,32,0,0
rubinius.csv,ssr,BATCHBISECT,1,12.727272987365700,125
rubinius.csv,ssr,BATCHBISECT,2,12.727272987365700,125
rubinius.csv,ssr,BATCHBISECT,4,14.545454978942900,120
rubinius.csv,ssr,BATCHBISECT,8,17.727272033691400,117
rubinius.csv,ssr,BATCHBISECT,16,27.727272033691400,99
rubinius.csv,ssr,BATCHBISECT,32,25.454545974731400,80
rubinius.csv,ssr,BATCH4,4,14.545454978942900,120
metasploit-framework.csv,ssr,NOBATCH,1,5.3177690505981400,111
metasploit-framework.csv,ssr,NOBATCH,2,5.188067436218260,137
metasploit-framework.csv,ssr,NOBATCH,4,4.669260501861570,109
metasploit-framework.csv,ssr,NOBATCH,8,4.150454044342040,99
metasploit-framework.csv,ssr,NOBATCH,16,2.9831387996673600,70
metasploit-framework.csv,ssr,NOBATCH,32,2.464332103729250,48
metasploit-framework.csv,ssr,BATCHSTOP4,4,20.752269744873000,109
metasploit-framework.csv,ssr,BATCHSTOP4,8,25.42152976989750,36
metasploit-framework.csv,ssr,BATCHSTOP4,16,0,0
metasploit-framework.csv,ssr,BATCHSTOP4,32,0,0
metasploit-framework.csv,ssr,BATCHBISECT,1,5.3177690505981400,111
metasploit-framework.csv,ssr,BATCHBISECT,2,5.188067436218260,137
metasploit-framework.csv,ssr,BATCHBISECT,4,6.225680828094480,109
metasploit-framework.csv,ssr,BATCHBISECT,8,8.300908088684080,99
metasploit-framework.csv,ssr,BATCHBISECT,16,12.062256813049300,70
metasploit-framework.csv,ssr,BATCHBISECT,32,20.103761672973600,48
metasploit-framework.csv,ssr,BATCH4,4,6.225680828094480,109
rails.csv,ssr,NOBATCH,1,5.9580230712890600,703
rails.csv,ssr,NOBATCH,2,5.82261323928833,670
rails.csv,ssr,NOBATCH,4,5.484089374542240,678
rails.csv,ssr,NOBATCH,8,4.3331074714660600,548
rails.csv,ssr,NOBATCH,16,3.5883548259735100,446
rails.csv,ssr,NOBATCH,32,2.437373161315920,290
rails.csv,ssr,BATCHSTOP4,4,20.379146575927700,678
rails.csv,ssr,BATCHSTOP4,8,22.613405227661100,548
rails.csv,ssr,BATCHSTOP4,16,48.54434585571290,283
rails.csv,ssr,BATCHSTOP4,32,0,0
rails.csv,ssr,BATCHBISECT,1,5.9580230712890600,703
rails.csv,ssr,BATCHBISECT,2,7.582938194274900,670
rails.csv,ssr,BATCHBISECT,4,10.629654884338400,678
rails.csv,ssr,BATCHBISECT,8,17.738658905029300,548
rails.csv,ssr,BATCHBISECT,16,27.420446395874000,446
rails.csv,ssr,BATCHBISECT,32,41.299930572509800,290
rails.csv,ssr,BATCH4,4,10.629654884338400,678
sonarqube.csv,ssr,NOBATCH,1,5.0,87
sonarqube.csv,ssr,NOBATCH,2,5.0,119
sonarqube.csv,ssr,NOBATCH,4,4.666666507720950,91
sonarqube.csv,ssr,NOBATCH,8,4.0,81
sonarqube.csv,ssr,NOBATCH,16,3.0,52
sonarqube.csv,ssr,NOBATCH,32,2.0,27
sonarqube.csv,ssr,BATCHSTOP4,4,22.0,91
sonarqube.csv,ssr,BATCHSTOP4,8,41.33333206176760,49
sonarqube.csv,ssr,BATCHSTOP4,16,0,0
sonarqube.csv,ssr,BATCHSTOP4,32,0,0
sonarqube.csv,ssr,BATCHBISECT,1,5.0,87
sonarqube.csv,ssr,BATCHBISECT,2,5.666666507720950,119
sonarqube.csv,ssr,BATCHBISECT,4,7.333333492279050,91
sonarqube.csv,ssr,BATCHBISECT,8,18.0,81
sonarqube.csv,ssr,BATCHBISECT,16,25.66666603088380,52
sonarqube.csv,ssr,BATCHBISECT,32,28.66666603088380,27
sonarqube.csv,ssr,BATCH4,4,7.333333492279050,91
gradle.csv,ssr,NOBATCH,1,5.02692985534668,105
gradle.csv,ssr,NOBATCH,2,4.8473968505859400,110
gradle.csv,ssr,NOBATCH,4,4.488330364227300,98
gradle.csv,ssr,NOBATCH,8,3.7701973915100100,74
gradle.csv,ssr,NOBATCH,16,2.8725314140319800,51
gradle.csv,ssr,NOBATCH,32,1.9748653173446700,16
gradle.csv,ssr,BATCHSTOP4,4,21.72351837158200,98
gradle.csv,ssr,BATCHSTOP4,8,14.542190551757800,74
gradle.csv,ssr,BATCHSTOP4,16,24.057451248168900,51
gradle.csv,ssr,BATCHSTOP4,32,32.49551010131840,22
gradle.csv,ssr,BATCHBISECT,1,5.02692985534668,105
gradle.csv,ssr,BATCHBISECT,2,4.8473968505859400,110
gradle.csv,ssr,BATCHBISECT,4,6.642728805541990,98
gradle.csv,ssr,BATCHBISECT,8,10.233392715454100,74
gradle.csv,ssr,BATCHBISECT,16,17.23518943786620,51
gradle.csv,ssr,BATCHBISECT,32,25.31418228149410,16
gradle.csv,ssr,BATCH4,4,6.642728805541990,98
fog.csv,ssr,NOBATCH,1,6.552706718444820,230
fog.csv,ssr,NOBATCH,2,6.552706718444820,223
fog.csv,ssr,NOBATCH,4,5.982905864715580,200
fog.csv,ssr,NOBATCH,8,5.698005676269530,192
fog.csv,ssr,NOBATCH,16,3.9886040687561000,145
fog.csv,ssr,NOBATCH,32,2.5641026496887200,73
fog.csv,ssr,BATCHSTOP4,4,19.658119201660200,200
fog.csv,ssr,BATCHSTOP4,8,44.44444274902340,126
fog.csv,ssr,BATCHSTOP4,16,0,0
fog.csv,ssr,BATCHSTOP4,32,0,0
fog.csv,ssr,BATCHBISECT,1,6.552706718444820,230
fog.csv,ssr,BATCHBISECT,2,8.262107849121090,223
fog.csv,ssr,BATCHBISECT,4,13.390313148498500,200
fog.csv,ssr,BATCHBISECT,8,19.373218536377000,192
fog.csv,ssr,BATCHBISECT,16,21.08262062072750,145
fog.csv,ssr,BATCHBISECT,32,42.45014190673830,73
fog.csv,ssr,BATCH4,4,11.680912017822300,200
open-build-service.csv,ssr,NOBATCH,1,6.223176002502440,199
open-build-service.csv,ssr,NOBATCH,2,6.0085835456848100,182
open-build-service.csv,ssr,NOBATCH,4,5.364806652069090,167
open-build-service.csv,ssr,NOBATCH,8,4.721030235290530,145
open-build-service.csv,ssr,NOBATCH,16,3.8626608848571800,115
open-build-service.csv,ssr,NOBATCH,32,2.5751073360443100,77
open-build-service.csv,ssr,BATCHSTOP4,4,19.098712921142600,167
open-build-service.csv,ssr,BATCHSTOP4,8,21.888412475585900,145
open-build-service.csv,ssr,BATCHSTOP4,16,40.34334945678710,115
open-build-service.csv,ssr,BATCHSTOP4,32,83.90557861328130,11
open-build-service.csv,ssr,BATCHBISECT,1,6.223176002502440,199
open-build-service.csv,ssr,BATCHBISECT,2,7.7253217697143600,182
open-build-service.csv,ssr,BATCHBISECT,4,13.519312858581500,167
open-build-service.csv,ssr,BATCHBISECT,8,18.88412094116210,145
open-build-service.csv,ssr,BATCHBISECT,16,31.330472946167000,115
open-build-service.csv,ssr,BATCHBISECT,32,42.918453216552700,77
open-build-service.csv,ssr,BATCH4,4,13.090128898620600,167
puppet.csv,ssr,NOBATCH,1,5.7971014976501500,16
puppet.csv,ssr,NOBATCH,2,5.7971014976501500,9
puppet.csv,ssr,NOBATCH,4,4.34782600402832,4
puppet.csv,ssr,NOBATCH,8,4.34782600402832,12
puppet.csv,ssr,NOBATCH,16,2.8985507488250700,0
puppet.csv,ssr,NOBATCH,32,2.8985507488250700,0
puppet.csv,ssr,BATCHSTOP4,4,15.942028999328600,4
puppet.csv,ssr,BATCHSTOP4,8,20.28985595703130,0
puppet.csv,ssr,BATCHSTOP4,16,0,0
puppet.csv,ssr,BATCHSTOP4,32,0,0
puppet.csv,ssr,BATCHBISECT,1,5.7971014976501500,16
puppet.csv,ssr,BATCHBISECT,2,5.7971014976501500,9
puppet.csv,ssr,BATCHBISECT,4,4.34782600402832,4
puppet.csv,ssr,BATCHBISECT,8,4.34782600402832,12
puppet.csv,ssr,BATCHBISECT,16,17.39130401611330,0
puppet.csv,ssr,BATCHBISECT,32,20.28985595703130,0
puppet.csv,ssr,BATCH4,4,4.34782600402832,4
jruby.csv,ssr,NOBATCH,1,8.23244571685791,325
jruby.csv,ssr,NOBATCH,2,7.990314960479740,314
jruby.csv,ssr,NOBATCH,4,7.506053447723390,314
jruby.csv,ssr,NOBATCH,8,6.2953996658325200,281
jruby.csv,ssr,NOBATCH,16,5.811138153076170,265
jruby.csv,ssr,NOBATCH,32,5.08474588394165,184
jruby.csv,ssr,BATCHSTOP4,4,19.12833023071290,314
jruby.csv,ssr,BATCHSTOP4,8,23.244552612304700,281
jruby.csv,ssr,BATCHSTOP4,16,38.74092102050780,265
jruby.csv,ssr,BATCHSTOP4,32,60.53268814086910,158
jruby.csv,ssr,BATCHBISECT,1,8.23244571685791,325
jruby.csv,ssr,BATCHBISECT,2,11.380145072937000,314
jruby.csv,ssr,BATCHBISECT,4,15.73849868774410,314
jruby.csv,ssr,BATCHBISECT,8,20.823244094848600,281
jruby.csv,ssr,BATCHBISECT,16,33.41404342651370,265
jruby.csv,ssr,BATCHBISECT,32,49.15254211425780,184
jruby.csv,ssr,BATCH4,4,15.254237174987800,314
sufia.csv,ssr,NOBATCH,1,5.263157844543460,0
sufia.csv,ssr,NOBATCH,2,5.263157844543460,0
sufia.csv,ssr,NOBATCH,4,5.263157844543460,0
sufia.csv,ssr,NOBATCH,8,5.263157844543460,0
sufia.csv,ssr,NOBATCH,16,5.263157844543460,0
sufia.csv,ssr,NOBATCH,32,5.263157844543460,0
sufia.csv,ssr,BATCHSTOP4,4,5.263157844543460,0
sufia.csv,ssr,BATCHSTOP4,8,5.263157844543460,0
sufia.csv,ssr,BATCHSTOP4,16,5.263157844543460,0
sufia.csv,ssr,BATCHSTOP4,32,5.263157844543460,0
sufia.csv,ssr,BATCHBISECT,1,5.263157844543460,0
sufia.csv,ssr,BATCHBISECT,2,5.263157844543460,0
sufia.csv,ssr,BATCHBISECT,4,5.263157844543460,0
sufia.csv,ssr,BATCHBISECT,8,5.263157844543460,0
sufia.csv,ssr,BATCHBISECT,16,5.263157844543460,0
sufia.csv,ssr,BATCHBISECT,32,5.263157844543460,0
sufia.csv,ssr,BATCH4,4,5.263157844543460,0
opal.csv,ssr,NOBATCH,1,5.357142925262450,39
opal.csv,ssr,NOBATCH,2,5.357142925262450,38
opal.csv,ssr,NOBATCH,4,4.464285850524900,38
opal.csv,ssr,NOBATCH,8,4.017857074737550,36
opal.csv,ssr,NOBATCH,16,3.125,23
opal.csv,ssr,NOBATCH,32,2.232142925262450,16
opal.csv,ssr,BATCHSTOP4,4,83.03571319580080,8
opal.csv,ssr,BATCHSTOP4,8,0,0
opal.csv,ssr,BATCHSTOP4,16,0,0
opal.csv,ssr,BATCHSTOP4,32,0,0
opal.csv,ssr,BATCHBISECT,1,5.357142925262450,39
opal.csv,ssr,BATCHBISECT,2,5.357142925262450,38
opal.csv,ssr,BATCHBISECT,4,4.464285850524900,38
opal.csv,ssr,BATCHBISECT,8,6.6964287757873500,36
opal.csv,ssr,BATCHBISECT,16,14.732142448425300,23
opal.csv,ssr,BATCHBISECT,32,16.51785659790040,16
opal.csv,ssr,BATCH4,4,4.464285850524900,38
geoserver.csv,ssr,NOBATCH,1,35.71428680419920,89
geoserver.csv,ssr,NOBATCH,2,35.71428680419920,89
geoserver.csv,ssr,NOBATCH,4,35.71428680419920,89
geoserver.csv,ssr,NOBATCH,8,35.71428680419920,89
geoserver.csv,ssr,NOBATCH,16,35.71428680419920,89
geoserver.csv,ssr,NOBATCH,32,35.71428680419920,89
geoserver.csv,ssr,BATCHSTOP4,4,35.71428680419920,89
geoserver.csv,ssr,BATCHSTOP4,8,35.71428680419920,89
geoserver.csv,ssr,BATCHSTOP4,16,48.80952453613280,83
geoserver.csv,ssr,BATCHSTOP4,32,0,0
geoserver.csv,ssr,BATCHBISECT,1,35.71428680419920,89
geoserver.csv,ssr,BATCHBISECT,2,35.71428680419920,89
geoserver.csv,ssr,BATCHBISECT,4,35.71428680419920,89
geoserver.csv,ssr,BATCHBISECT,8,35.71428680419920,89
geoserver.csv,ssr,BATCHBISECT,16,35.71428680419920,89
geoserver.csv,ssr,BATCHBISECT,32,35.71428680419920,89
geoserver.csv,ssr,BATCH4,4,35.71428680419920,89
cloud_controller_ng.csv,gr,BATCHBISECT,1,100.0,0
cloudify.csv,gr,BATCHBISECT,1,100.0,0
concerto.csv,gr,BATCHBISECT,1,100.0,0
fog.csv,gr,BATCHBISECT,1,100.0,0
geoserver.csv,gr,BATCHBISECT,1,100.0,0
gradle.csv,gr,BATCHBISECT,1,100.0,0
graylog2-server.csv,gr,BATCHBISECT,1,100.0,0
jruby.csv,gr,BATCHBISECT,1,100.0,0
loomio.csv,gr,BATCHBISECT,1,100.0,0
opal.csv,gr,BATCHBISECT,1,100.0,0
open-build-service.csv,gr,BATCHBISECT,1,100.0,0
orbeon-forms.csv,gr,BATCHBISECT,1,100.0,0
puppet.csv,gr,BATCHBISECT,1,100.0,0
rails.csv,gr,BATCHBISECT,1,100.0,0
rubinius.csv,gr,BATCHBISECT,1,100.0,0
sonarqube.csv,gr,BATCHBISECT,1,100.0,0
sufia.csv,gr,BATCHBISECT,1,100.0,0
vagrant.csv,gr,BATCHBISECT,1,100.0,0
metasploit-framework.csv,gr,BATCHBISECT,1,100.0,0
cloud_controller_ng.csv,gr,BATCHBISECT,2,76.2845849802372,127
cloudify.csv,gr,BATCHBISECT,2,57.3770491803279,244
concerto.csv,gr,BATCHBISECT,2,60.3448275862069,145
fog.csv,gr,BATCHBISECT,2,78.0626780626781,176
geoserver.csv,gr,BATCHBISECT,2,97.6190476190476,84
gradle.csv,gr,BATCHBISECT,2,57.2710951526032,279
graylog2-server.csv,gr,BATCHBISECT,2,53.6159600997506,201
jruby.csv,gr,BATCHBISECT,2,84.9878934624697,207
loomio.csv,gr,BATCHBISECT,2,74.6341463414634,103
opal.csv,gr,BATCHBISECT,2,58.0357142857143,112
open-build-service.csv,gr,BATCHBISECT,2,70.6008583690987,233
orbeon-forms.csv,gr,BATCHBISECT,2,67.381974248927,117
puppet.csv,gr,BATCHBISECT,2,56.5217391304348,35
rails.csv,gr,BATCHBISECT,2,70.4807041299932,739
rubinius.csv,gr,BATCHBISECT,2,81.8181818181818,110
sonarqube.csv,gr,BATCHBISECT,2,64.6666666666667,150
sufia.csv,gr,BATCHBISECT,2,63.1578947368421,10
vagrant.csv,gr,BATCHBISECT,2,56.3380281690141,142
metasploit-framework.csv,gr,BATCHBISECT,2,56.2905317769131,386
cloud_controller_ng.csv,gr,BATCHBISECT,4,76.6798418972332,381
cloudify.csv,gr,BATCHBISECT,4,39.344262295082,732
concerto.csv,gr,BATCHBISECT,4,45.8620689655172,437
fog.csv,gr,BATCHBISECT,4,76.3532763532764,528
geoserver.csv,gr,BATCHBISECT,4,107.142857142857,252
gradle.csv,gr,BATCHBISECT,4,39.4973070017953,837
graylog2-server.csv,gr,BATCHBISECT,4,32.1695760598504,603
jruby.csv,gr,BATCHBISECT,4,88.6198547215496,621
loomio.csv,gr,BATCHBISECT,4,68.2926829268293,309
opal.csv,gr,BATCHBISECT,4,40.1785714285714,336
open-build-service.csv,gr,BATCHBISECT,4,64.1630901287554,701
orbeon-forms.csv,gr,BATCHBISECT,4,59.656652360515,351
puppet.csv,gr,BATCHBISECT,4,34.7826086956522,105
rails.csv,gr,BATCHBISECT,4,63.3716993906567,2217
rubinius.csv,gr,BATCHBISECT,4,82.2727272727273,330
sonarqube.csv,gr,BATCHBISECT,4,54.3333333333333,450
sufia.csv,gr,BATCHBISECT,4,47.3684210526316,30
vagrant.csv,gr,BATCHBISECT,4,37.6760563380282,426
metasploit-framework.csv,gr,BATCHBISECT,4,37.2243839169909,1158
cloud_controller_ng.csv,gr,BATCH4,4,75.8893280632411,381
cloudify.csv,gr,BATCH4,4,38.9344262295082,732
concerto.csv,gr,BATCH4,4,45.8620689655172,437
fog.csv,gr,BATCH4,4,71.5099715099715,528
geoserver.csv,gr,BATCH4,4,94.0476190476191,252
gradle.csv,gr,BATCH4,4,39.4973070017953,837
graylog2-server.csv,gr,BATCH4,4,32.1695760598504,603
jruby.csv,gr,BATCH4,4,82.3244552058111,621
loomio.csv,gr,BATCH4,4,62.4390243902439,309
opal.csv,gr,BATCH4,4,39.2857142857143,336
open-build-service.csv,gr,BATCH4,4,62.0171673819743,701
orbeon-forms.csv,gr,BATCH4,4,59.656652360515,351
puppet.csv,gr,BATCH4,4,31.8840579710145,105
rails.csv,gr,BATCH4,4,60.7989167230873,2217
rubinius.csv,gr,BATCH4,4,75.9090909090909,330
sonarqube.csv,gr,BATCH4,4,54.3333333333333,450
sufia.csv,gr,BATCH4,4,47.3684210526316,30
vagrant.csv,gr,BATCH4,4,37.6760563380282,426
metasploit-framework.csv,gr,BATCH4,4,36.9649805447471,1158
cloud_controller_ng.csv,gr,BATCHSTOP4,4,75.8893280632411,381
cloudify.csv,gr,BATCHSTOP4,4,38.9344262295082,732
concerto.csv,gr,BATCHSTOP4,4,45.8620689655172,437
fog.csv,gr,BATCHSTOP4,4,71.5099715099715,528
geoserver.csv,gr,BATCHSTOP4,4,94.0476190476191,252
gradle.csv,gr,BATCHSTOP4,4,39.4973070017953,837
graylog2-server.csv,gr,BATCHSTOP4,4,32.1695760598504,603
jruby.csv,gr,BATCHSTOP4,4,82.3244552058111,621
loomio.csv,gr,BATCHSTOP4,4,62.4390243902439,309
opal.csv,gr,BATCHSTOP4,4,39.2857142857143,336
open-build-service.csv,gr,BATCHSTOP4,4,62.0171673819743,701
orbeon-forms.csv,gr,BATCHSTOP4,4,59.656652360515,351
puppet.csv,gr,BATCHSTOP4,4,31.8840579710145,105
rails.csv,gr,BATCHSTOP4,4,60.7989167230873,2217
rubinius.csv,gr,BATCHSTOP4,4,75.9090909090909,330
sonarqube.csv,gr,BATCHSTOP4,4,54.3333333333333,450
sufia.csv,gr,BATCHSTOP4,4,47.3684210526316,30
vagrant.csv,gr,BATCHSTOP4,4,37.6760563380282,426
metasploit-framework.csv,gr,BATCHSTOP4,4,36.9649805447471,1158
cloud_controller_ng.csv,gr,BATCHBISECT,8,82.2134387351779,893
cloudify.csv,gr,BATCHBISECT,8,32.5819672131148,1708
concerto.csv,gr,BATCHBISECT,8,42.4137931034483,1021
fog.csv,gr,BATCHBISECT,8,79.7720797720798,1232
geoserver.csv,gr,BATCHBISECT,8,118.452380952381,588
gradle.csv,gr,BATCHBISECT,8,33.7522441651706,1957
graylog2-server.csv,gr,BATCHBISECT,8,23.1920199501247,1407
jruby.csv,gr,BATCHBISECT,8,95.8837772397095,1453
loomio.csv,gr,BATCHBISECT,8,71.219512195122,725
opal.csv,gr,BATCHBISECT,8,34.8214285714286,784
open-build-service.csv,gr,BATCHBISECT,8,66.7381974248927,1637
orbeon-forms.csv,gr,BATCHBISECT,8,60.9442060085837,819
puppet.csv,gr,BATCHBISECT,8,24.6376811594203,249
rails.csv,gr,BATCHBISECT,8,65.1997291807718,5177
rubinius.csv,gr,BATCHBISECT,8,89.0909090909091,778
sonarqube.csv,gr,BATCHBISECT,8,54.0,1058
sufia.csv,gr,BATCHBISECT,8,47.3684210526316,74
vagrant.csv,gr,BATCHBISECT,8,31.6901408450704,1002
metasploit-framework.csv,gr,BATCHBISECT,8,30.2204928664073,2706
cloud_controller_ng.csv,gr,BATCHSTOP4,8,81.4229249011858,893
cloudify.csv,gr,BATCHSTOP4,8,32.172131147541,1708
concerto.csv,gr,BATCHSTOP4,8,42.4137931034483,1021
fog.csv,gr,BATCHSTOP4,8,74.9287749287749,1232
geoserver.csv,gr,BATCHSTOP4,8,105.357142857143,588
gradle.csv,gr,BATCHSTOP4,8,33.7522441651706,1957
graylog2-server.csv,gr,BATCHSTOP4,8,23.1920199501247,1407
jruby.csv,gr,BATCHSTOP4,8,89.588377723971,1453
loomio.csv,gr,BATCHSTOP4,8,65.3658536585366,725
opal.csv,gr,BATCHSTOP4,8,33.9285714285714,784
open-build-service.csv,gr,BATCHSTOP4,8,64.5922746781116,1637
orbeon-forms.csv,gr,BATCHSTOP4,8,60.9442060085837,819
puppet.csv,gr,BATCHSTOP4,8,21.7391304347826,249
rails.csv,gr,BATCHSTOP4,8,62.5592417061611,5177
rubinius.csv,gr,BATCHSTOP4,8,82.7272727272727,778
sonarqube.csv,gr,BATCHSTOP4,8,54.0,1058
sufia.csv,gr,BATCHSTOP4,8,47.3684210526316,74
vagrant.csv,gr,BATCHSTOP4,8,31.6901408450704,1002
metasploit-framework.csv,gr,BATCHSTOP4,8,29.9610894941634,2706
cloud_controller_ng.csv,gr,BATCHBISECT,16,88.5375494071146,1917
cloudify.csv,gr,BATCHBISECT,16,31.3524590163934,3692
concerto.csv,gr,BATCHBISECT,16,43.7931034482759,2189
fog.csv,gr,BATCHBISECT,16,83.7606837606838,2640
geoserver.csv,gr,BATCHBISECT,16,124.404761904762,1292
gradle.csv,gr,BATCHBISECT,16,33.572710951526,4197
graylog2-server.csv,gr,BATCHBISECT,16,20.4488778054863,3015
jruby.csv,gr,BATCHBISECT,16,101.694915254237,3117
loomio.csv,gr,BATCHBISECT,16,74.6341463414634,1557
opal.csv,gr,BATCHBISECT,16,34.8214285714286,1680
open-build-service.csv,gr,BATCHBISECT,16,71.2446351931331,3509
orbeon-forms.csv,gr,BATCHBISECT,16,63.9484978540773,1779
puppet.csv,gr,BATCHBISECT,16,21.7391304347826,545
rails.csv,gr,BATCHBISECT,16,68.9911983750846,11105
rubinius.csv,gr,BATCHBISECT,16,95.4545454545455,1674
sonarqube.csv,gr,BATCHBISECT,16,57.0,2274
sufia.csv,gr,BATCHBISECT,16,52.6315789473684,162
vagrant.csv,gr,BATCHBISECT,16,30.9859154929577,2154
metasploit-framework.csv,gr,BATCHBISECT,16,28.1452658884566,5802
cloud_controller_ng.csv,gr,BATCHSTOP4,16,86.9565217391304,1917
cloudify.csv,gr,BATCHSTOP4,16,30.9426229508197,3692
concerto.csv,gr,BATCHSTOP4,16,43.7931034482759,2189
fog.csv,gr,BATCHSTOP4,16,78.3475783475784,2640
geoserver.csv,gr,BATCHSTOP4,16,111.309523809524,1292
gradle.csv,gr,BATCHSTOP4,16,33.572710951526,4197
graylog2-server.csv,gr,BATCHSTOP4,16,20.4488778054863,3015
jruby.csv,gr,BATCHSTOP4,16,94.9152542372881,3117
loomio.csv,gr,BATCHSTOP4,16,68.2926829268293,1557
opal.csv,gr,BATCHSTOP4,16,33.9285714285714,1680
open-build-service.csv,gr,BATCHSTOP4,16,69.0987124463519,3509
orbeon-forms.csv,gr,BATCHSTOP4,16,63.9484978540773,1779
puppet.csv,gr,BATCHSTOP4,16,18.8405797101449,545
rails.csv,gr,BATCHSTOP4,16,66.3507109004739,11105
rubinius.csv,gr,BATCHSTOP4,16,88.6363636363636,1674
sonarqube.csv,gr,BATCHSTOP4,16,57.0,2274
sufia.csv,gr,BATCHSTOP4,16,52.6315789473684,162
vagrant.csv,gr,BATCHSTOP4,16,30.6338028169014,2154
metasploit-framework.csv,gr,BATCHSTOP4,16,27.8858625162127,5802
rails.csv,sbs,BATCHBISECT,1,1.9634394041977000,6576
rails.csv,sbs,BATCHBISECT,2,1.9634394041977000,6576
rails.csv,sbs,BATCHBISECT,4,1.9634394041977000,6576
rails.csv,sbs,BATCHBISECT,8,1.9634394041977000,6576
rails.csv,sbs,BATCHBISECT,16,1.9634394041977000,6576
rails.csv,sbs,BATCHBISECT,32,1.9634394041977000,6576
jruby.csv,sbs,BATCHBISECT,1,6.295399515738500,1609
jruby.csv,sbs,BATCHBISECT,2,6.295399515738500,1609
jruby.csv,sbs,BATCHBISECT,4,6.295399515738500,1609
jruby.csv,sbs,BATCHBISECT,8,6.295399515738500,1609
jruby.csv,sbs,BATCHBISECT,16,6.295399515738500,1609
jruby.csv,sbs,BATCHBISECT,32,6.295399515738500,1609
metasploit-framework.csv,sbs,BATCHBISECT,1,0.5188067444876780,3217
metasploit-framework.csv,sbs,BATCHBISECT,2,0.5188067444876780,3217
metasploit-framework.csv,sbs,BATCHBISECT,4,0.5188067444876780,3217
metasploit-framework.csv,sbs,BATCHBISECT,8,0.5188067444876780,3217
metasploit-framework.csv,sbs,BATCHBISECT,16,0.5188067444876780,3217
metasploit-framework.csv,sbs,BATCHBISECT,32,0.5188067444876780,3217
heroku.csv,sbs,BATCHBISECT,1,0.0,117
heroku.csv,sbs,BATCHBISECT,2,0.0,117
heroku.csv,sbs,BATCHBISECT,4,0.0,117
heroku.csv,sbs,BATCHBISECT,8,0.0,117
heroku.csv,sbs,BATCHBISECT,16,0.0,117
heroku.csv,sbs,BATCHBISECT,32,0.0,117
vagrant.csv,sbs,BATCHBISECT,1,0.0,932
vagrant.csv,sbs,BATCHBISECT,2,0.0,932
vagrant.csv,sbs,BATCHBISECT,4,0.0,932
vagrant.csv,sbs,BATCHBISECT,8,0.0,932
vagrant.csv,sbs,BATCHBISECT,16,0.0,932
vagrant.csv,sbs,BATCHBISECT,32,0.0,932
opal.csv,sbs,BATCHBISECT,1,1.7857142857142900,346
opal.csv,sbs,BATCHBISECT,2,1.7857142857142900,346
opal.csv,sbs,BATCHBISECT,4,1.7857142857142900,346
opal.csv,sbs,BATCHBISECT,8,1.7857142857142900,346
opal.csv,sbs,BATCHBISECT,16,1.7857142857142900,346
opal.csv,sbs,BATCHBISECT,32,1.7857142857142900,346
cloudify.csv,sbs,BATCHBISECT,1,0.4098360655737710,3006
cloudify.csv,sbs,BATCHBISECT,2,0.4098360655737710,3006
cloudify.csv,sbs,BATCHBISECT,4,0.4098360655737710,3006
cloudify.csv,sbs,BATCHBISECT,8,0.4098360655737710,3006
cloudify.csv,sbs,BATCHBISECT,16,0.4098360655737710,3006
cloudify.csv,sbs,BATCHBISECT,32,0.4098360655737710,3006
cloud_controller_ng.csv,sbs,BATCHBISECT,1,4.3478260869565200,1234
cloud_controller_ng.csv,sbs,BATCHBISECT,2,4.3478260869565200,1234
cloud_controller_ng.csv,sbs,BATCHBISECT,4,4.3478260869565200,1234
cloud_controller_ng.csv,sbs,BATCHBISECT,8,4.3478260869565200,1234
cloud_controller_ng.csv,sbs,BATCHBISECT,16,4.3478260869565200,1234
cloud_controller_ng.csv,sbs,BATCHBISECT,32,4.3478260869565200,1234
rubinius.csv,sbs,BATCHBISECT,1,12.272727272727300,475
rubinius.csv,sbs,BATCHBISECT,2,12.272727272727300,475
rubinius.csv,sbs,BATCHBISECT,4,12.272727272727300,475
rubinius.csv,sbs,BATCHBISECT,8,12.272727272727300,475
rubinius.csv,sbs,BATCHBISECT,16,12.272727272727300,475
rubinius.csv,sbs,BATCHBISECT,32,12.272727272727300,475
open-build-service.csv,sbs,BATCHBISECT,1,2.1459227467811200,2052
open-build-service.csv,sbs,BATCHBISECT,2,2.1459227467811200,2052
open-build-service.csv,sbs,BATCHBISECT,4,2.1459227467811200,2052
open-build-service.csv,sbs,BATCHBISECT,8,2.1459227467811200,2052
open-build-service.csv,sbs,BATCHBISECT,16,2.1459227467811200,2052
open-build-service.csv,sbs,BATCHBISECT,32,2.1459227467811200,2052
gradle.csv,sbs,BATCHBISECT,1,1.0771992818671500,972
gradle.csv,sbs,BATCHBISECT,2,1.0771992818671500,972
gradle.csv,sbs,BATCHBISECT,4,1.0771992818671500,972
gradle.csv,sbs,BATCHBISECT,8,1.0771992818671500,972
gradle.csv,sbs,BATCHBISECT,16,1.0771992818671500,972
gradle.csv,sbs,BATCHBISECT,32,1.0771992818671500,972
sonarqube.csv,sbs,BATCHBISECT,1,0.6666666666666670,1933
sonarqube.csv,sbs,BATCHBISECT,2,0.6666666666666670,1933
sonarqube.csv,sbs,BATCHBISECT,4,0.6666666666666670,1933
sonarqube.csv,sbs,BATCHBISECT,8,0.6666666666666670,1933
sonarqube.csv,sbs,BATCHBISECT,16,0.6666666666666670,1933
sonarqube.csv,sbs,BATCHBISECT,32,0.6666666666666670,1933
loomio.csv,sbs,BATCHBISECT,1,6.829268292682930,386
loomio.csv,sbs,BATCHBISECT,2,6.829268292682930,386
loomio.csv,sbs,BATCHBISECT,4,6.829268292682930,386
loomio.csv,sbs,BATCHBISECT,8,6.829268292682930,386
loomio.csv,sbs,BATCHBISECT,16,6.829268292682930,386
loomio.csv,sbs,BATCHBISECT,32,6.829268292682930,386
fog.csv,sbs,BATCHBISECT,1,2.849002849002850,2213
fog.csv,sbs,BATCHBISECT,2,2.849002849002850,2213
fog.csv,sbs,BATCHBISECT,4,2.849002849002850,2213
fog.csv,sbs,BATCHBISECT,8,2.849002849002850,2213
fog.csv,sbs,BATCHBISECT,16,2.849002849002850,2213
fog.csv,sbs,BATCHBISECT,32,2.849002849002850,2213
puppet.csv,sbs,BATCHBISECT,1,0.0,72
puppet.csv,sbs,BATCHBISECT,2,0.0,72
puppet.csv,sbs,BATCHBISECT,4,0.0,72
puppet.csv,sbs,BATCHBISECT,8,0.0,72
puppet.csv,sbs,BATCHBISECT,16,0.0,72
puppet.csv,sbs,BATCHBISECT,32,0.0,72
concerto.csv,sbs,BATCHBISECT,1,0.3448275862068970,1575
concerto.csv,sbs,BATCHBISECT,2,0.3448275862068970,1575
concerto.csv,sbs,BATCHBISECT,4,0.3448275862068970,1575
concerto.csv,sbs,BATCHBISECT,8,0.3448275862068970,1575
concerto.csv,sbs,BATCHBISECT,16,0.3448275862068970,1575
concerto.csv,sbs,BATCHBISECT,32,0.3448275862068970,1575
sufia.csv,sbs,BATCHBISECT,1,0.0,5
sufia.csv,sbs,BATCHBISECT,2,0.0,5
sufia.csv,sbs,BATCHBISECT,4,0.0,5
sufia.csv,sbs,BATCHBISECT,8,0.0,5
sufia.csv,sbs,BATCHBISECT,16,0.0,5
sufia.csv,sbs,BATCHBISECT,32,0.0,5
geoserver.csv,sbs,BATCHBISECT,1,6.5476190476190500,633
geoserver.csv,sbs,BATCHBISECT,2,6.5476190476190500,633
geoserver.csv,sbs,BATCHBISECT,4,6.5476190476190500,633
geoserver.csv,sbs,BATCHBISECT,8,6.5476190476190500,633
geoserver.csv,sbs,BATCHBISECT,16,6.5476190476190500,633
geoserver.csv,sbs,BATCHBISECT,32,6.5476190476190500,633
orbeon-forms.csv,sbs,BATCHBISECT,1,2.1459227467811200,629
orbeon-forms.csv,sbs,BATCHBISECT,2,2.1459227467811200,629
orbeon-forms.csv,sbs,BATCHBISECT,4,2.1459227467811200,629
orbeon-forms.csv,sbs,BATCHBISECT,8,2.1459227467811200,629
orbeon-forms.csv,sbs,BATCHBISECT,16,2.1459227467811200,629
orbeon-forms.csv,sbs,BATCHBISECT,32,2.1459227467811200,629
graylog2-server.csv,sbs,BATCHBISECT,1,0.49875311720698300,464
graylog2-server.csv,sbs,BATCHBISECT,2,0.49875311720698300,464
graylog2-server.csv,sbs,BATCHBISECT,4,0.49875311720698300,464
graylog2-server.csv,sbs,BATCHBISECT,8,0.49875311720698300,464
graylog2-server.csv,sbs,BATCHBISECT,16,0.49875311720698300,464
graylog2-server.csv,sbs,BATCHBISECT,32,0.49875311720698300,464
rails.csv,sbs,BATCH4,1,1.9634394041977000,6576
rails.csv,sbs,BATCH4,2,1.9634394041977000,6576
rails.csv,sbs,BATCH4,4,1.9634394041977000,6576
rails.csv,sbs,BATCH4,8,1.9634394041977000,6576
rails.csv,sbs,BATCH4,16,1.9634394041977000,6576
rails.csv,sbs,BATCH4,32,1.9634394041977000,6576
jruby.csv,sbs,BATCH4,1,6.295399515738500,1609
jruby.csv,sbs,BATCH4,2,6.295399515738500,1609
jruby.csv,sbs,BATCH4,4,6.295399515738500,1609
jruby.csv,sbs,BATCH4,8,6.295399515738500,1609
jruby.csv,sbs,BATCH4,16,6.295399515738500,1609
jruby.csv,sbs,BATCH4,32,6.295399515738500,1609
metasploit-framework.csv,sbs,BATCH4,1,0.5188067444876780,3217
metasploit-framework.csv,sbs,BATCH4,2,0.5188067444876780,3217
metasploit-framework.csv,sbs,BATCH4,4,0.5188067444876780,3217
metasploit-framework.csv,sbs,BATCH4,8,0.5188067444876780,3217
metasploit-framework.csv,sbs,BATCH4,16,0.5188067444876780,3217
metasploit-framework.csv,sbs,BATCH4,32,0.5188067444876780,3217
heroku.csv,sbs,BATCH4,1,0.0,117
heroku.csv,sbs,BATCH4,2,0.0,117
heroku.csv,sbs,BATCH4,4,0.0,117
heroku.csv,sbs,BATCH4,8,0.0,117
heroku.csv,sbs,BATCH4,16,0.0,117
heroku.csv,sbs,BATCH4,32,0.0,117
vagrant.csv,sbs,BATCH4,1,0.0,932
vagrant.csv,sbs,BATCH4,2,0.0,932
vagrant.csv,sbs,BATCH4,4,0.0,932
vagrant.csv,sbs,BATCH4,8,0.0,932
vagrant.csv,sbs,BATCH4,16,0.0,932
vagrant.csv,sbs,BATCH4,32,0.0,932
opal.csv,sbs,BATCH4,1,1.7857142857142900,346
opal.csv,sbs,BATCH4,2,1.7857142857142900,346
opal.csv,sbs,BATCH4,4,1.7857142857142900,346
opal.csv,sbs,BATCH4,8,1.7857142857142900,346
opal.csv,sbs,BATCH4,16,1.7857142857142900,346
opal.csv,sbs,BATCH4,32,1.7857142857142900,346
cloudify.csv,sbs,BATCH4,1,0.4098360655737710,3006
cloudify.csv,sbs,BATCH4,2,0.4098360655737710,3006
cloudify.csv,sbs,BATCH4,4,0.4098360655737710,3006
cloudify.csv,sbs,BATCH4,8,0.4098360655737710,3006
cloudify.csv,sbs,BATCH4,16,0.4098360655737710,3006
cloudify.csv,sbs,BATCH4,32,0.4098360655737710,3006
cloud_controller_ng.csv,sbs,BATCH4,1,4.3478260869565200,1234
cloud_controller_ng.csv,sbs,BATCH4,2,4.3478260869565200,1234
cloud_controller_ng.csv,sbs,BATCH4,4,4.3478260869565200,1234
cloud_controller_ng.csv,sbs,BATCH4,8,4.3478260869565200,1234
cloud_controller_ng.csv,sbs,BATCH4,16,4.3478260869565200,1234
cloud_controller_ng.csv,sbs,BATCH4,32,4.3478260869565200,1234
rubinius.csv,sbs,BATCH4,1,12.272727272727300,475
rubinius.csv,sbs,BATCH4,2,12.272727272727300,475
rubinius.csv,sbs,BATCH4,4,12.272727272727300,475
rubinius.csv,sbs,BATCH4,8,12.272727272727300,475
rubinius.csv,sbs,BATCH4,16,12.272727272727300,475
rubinius.csv,sbs,BATCH4,32,12.272727272727300,475
open-build-service.csv,sbs,BATCH4,1,2.1459227467811200,2052
open-build-service.csv,sbs,BATCH4,2,2.1459227467811200,2052
open-build-service.csv,sbs,BATCH4,4,2.1459227467811200,2052
open-build-service.csv,sbs,BATCH4,8,2.1459227467811200,2052
open-build-service.csv,sbs,BATCH4,16,2.1459227467811200,2052
open-build-service.csv,sbs,BATCH4,32,2.1459227467811200,2052
gradle.csv,sbs,BATCH4,1,1.0771992818671500,972
gradle.csv,sbs,BATCH4,2,1.0771992818671500,972
gradle.csv,sbs,BATCH4,4,1.0771992818671500,972
gradle.csv,sbs,BATCH4,8,1.0771992818671500,972
gradle.csv,sbs,BATCH4,16,1.0771992818671500,972
gradle.csv,sbs,BATCH4,32,1.0771992818671500,972
sonarqube.csv,sbs,BATCH4,1,0.6666666666666670,1933
sonarqube.csv,sbs,BATCH4,2,0.6666666666666670,1933
sonarqube.csv,sbs,BATCH4,4,0.6666666666666670,1933
sonarqube.csv,sbs,BATCH4,8,0.6666666666666670,1933
sonarqube.csv,sbs,BATCH4,16,0.6666666666666670,1933
sonarqube.csv,sbs,BATCH4,32,0.6666666666666670,1933
loomio.csv,sbs,BATCH4,1,6.829268292682930,386
loomio.csv,sbs,BATCH4,2,6.829268292682930,386
loomio.csv,sbs,BATCH4,4,6.829268292682930,386
loomio.csv,sbs,BATCH4,8,6.829268292682930,386
loomio.csv,sbs,BATCH4,16,6.829268292682930,386
loomio.csv,sbs,BATCH4,32,6.829268292682930,386
fog.csv,sbs,BATCH4,1,2.849002849002850,2213
fog.csv,sbs,BATCH4,2,2.849002849002850,2213
fog.csv,sbs,BATCH4,4,2.849002849002850,2213
fog.csv,sbs,BATCH4,8,2.849002849002850,2213
fog.csv,sbs,BATCH4,16,2.849002849002850,2213
fog.csv,sbs,BATCH4,32,2.849002849002850,2213
puppet.csv,sbs,BATCH4,1,0.0,72
puppet.csv,sbs,BATCH4,2,0.0,72
puppet.csv,sbs,BATCH4,4,0.0,72
puppet.csv,sbs,BATCH4,8,0.0,72
puppet.csv,sbs,BATCH4,16,0.0,72
puppet.csv,sbs,BATCH4,32,0.0,72
concerto.csv,sbs,BATCH4,1,0.3448275862068970,1575
concerto.csv,sbs,BATCH4,2,0.3448275862068970,1575
concerto.csv,sbs,BATCH4,4,0.3448275862068970,1575
concerto.csv,sbs,BATCH4,8,0.3448275862068970,1575
concerto.csv,sbs,BATCH4,16,0.3448275862068970,1575
concerto.csv,sbs,BATCH4,32,0.3448275862068970,1575
sufia.csv,sbs,BATCH4,1,0.0,5
sufia.csv,sbs,BATCH4,2,0.0,5
sufia.csv,sbs,BATCH4,4,0.0,5
sufia.csv,sbs,BATCH4,8,0.0,5
sufia.csv,sbs,BATCH4,16,0.0,5
sufia.csv,sbs,BATCH4,32,0.0,5
geoserver.csv,sbs,BATCH4,1,6.5476190476190500,633
geoserver.csv,sbs,BATCH4,2,6.5476190476190500,633
geoserver.csv,sbs,BATCH4,4,6.5476190476190500,633
geoserver.csv,sbs,BATCH4,8,6.5476190476190500,633
geoserver.csv,sbs,BATCH4,16,6.5476190476190500,633
geoserver.csv,sbs,BATCH4,32,6.5476190476190500,633
orbeon-forms.csv,sbs,BATCH4,1,2.1459227467811200,629
orbeon-forms.csv,sbs,BATCH4,2,2.1459227467811200,629
orbeon-forms.csv,sbs,BATCH4,4,2.1459227467811200,629
orbeon-forms.csv,sbs,BATCH4,8,2.1459227467811200,629
orbeon-forms.csv,sbs,BATCH4,16,2.1459227467811200,629
orbeon-forms.csv,sbs,BATCH4,32,2.1459227467811200,629
graylog2-server.csv,sbs,BATCH4,1,0.49875311720698300,464
graylog2-server.csv,sbs,BATCH4,2,0.49875311720698300,464
graylog2-server.csv,sbs,BATCH4,4,0.49875311720698300,464
graylog2-server.csv,sbs,BATCH4,8,0.49875311720698300,464
graylog2-server.csv,sbs,BATCH4,16,0.49875311720698300,464
graylog2-server.csv,sbs,BATCH4,32,0.49875311720698300,464
rails.csv,sbs,BATCHSTOP4,1,1.9634394041977000,6576
rails.csv,sbs,BATCHSTOP4,2,1.9634394041977000,6576
rails.csv,sbs,BATCHSTOP4,4,1.9634394041977000,6576
rails.csv,sbs,BATCHSTOP4,8,1.9634394041977000,6576
rails.csv,sbs,BATCHSTOP4,16,1.9634394041977000,6576
rails.csv,sbs,BATCHSTOP4,32,1.9634394041977000,6576
jruby.csv,sbs,BATCHSTOP4,1,6.295399515738500,1609
jruby.csv,sbs,BATCHSTOP4,2,6.295399515738500,1609
jruby.csv,sbs,BATCHSTOP4,4,6.295399515738500,1609
jruby.csv,sbs,BATCHSTOP4,8,6.295399515738500,1609
jruby.csv,sbs,BATCHSTOP4,16,6.295399515738500,1609
jruby.csv,sbs,BATCHSTOP4,32,6.295399515738500,1609
metasploit-framework.csv,sbs,BATCHSTOP4,1,0.5188067444876780,3217
metasploit-framework.csv,sbs,BATCHSTOP4,2,0.5188067444876780,3217
metasploit-framework.csv,sbs,BATCHSTOP4,4,0.5188067444876780,3217
metasploit-framework.csv,sbs,BATCHSTOP4,8,0.5188067444876780,3217
metasploit-framework.csv,sbs,BATCHSTOP4,16,0.5188067444876780,3217
metasploit-framework.csv,sbs,BATCHSTOP4,32,0.5188067444876780,3217
heroku.csv,sbs,BATCHSTOP4,1,0.0,117
heroku.csv,sbs,BATCHSTOP4,2,0.0,117
heroku.csv,sbs,BATCHSTOP4,4,0.0,117
heroku.csv,sbs,BATCHSTOP4,8,0.0,117
heroku.csv,sbs,BATCHSTOP4,16,0.0,117
heroku.csv,sbs,BATCHSTOP4,32,0.0,117
vagrant.csv,sbs,BATCHSTOP4,1,0.0,932
vagrant.csv,sbs,BATCHSTOP4,2,0.0,932
vagrant.csv,sbs,BATCHSTOP4,4,0.0,932
vagrant.csv,sbs,BATCHSTOP4,8,0.0,932
vagrant.csv,sbs,BATCHSTOP4,16,0.0,932
vagrant.csv,sbs,BATCHSTOP4,32,0.0,932
opal.csv,sbs,BATCHSTOP4,1,1.7857142857142900,346
opal.csv,sbs,BATCHSTOP4,2,1.7857142857142900,346
opal.csv,sbs,BATCHSTOP4,4,1.7857142857142900,346
opal.csv,sbs,BATCHSTOP4,8,1.7857142857142900,346
opal.csv,sbs,BATCHSTOP4,16,1.7857142857142900,346
opal.csv,sbs,BATCHSTOP4,32,1.7857142857142900,346
cloudify.csv,sbs,BATCHSTOP4,1,0.4098360655737710,3006
cloudify.csv,sbs,BATCHSTOP4,2,0.4098360655737710,3006
cloudify.csv,sbs,BATCHSTOP4,4,0.4098360655737710,3006
cloudify.csv,sbs,BATCHSTOP4,8,0.4098360655737710,3006
cloudify.csv,sbs,BATCHSTOP4,16,0.4098360655737710,3006
cloudify.csv,sbs,BATCHSTOP4,32,0.4098360655737710,3006
cloud_controller_ng.csv,sbs,BATCHSTOP4,1,4.3478260869565200,1234
cloud_controller_ng.csv,sbs,BATCHSTOP4,2,4.3478260869565200,1234
cloud_controller_ng.csv,sbs,BATCHSTOP4,4,4.3478260869565200,1234
cloud_controller_ng.csv,sbs,BATCHSTOP4,8,4.3478260869565200,1234
cloud_controller_ng.csv,sbs,BATCHSTOP4,16,4.3478260869565200,1234
cloud_controller_ng.csv,sbs,BATCHSTOP4,32,4.3478260869565200,1234
rubinius.csv,sbs,BATCHSTOP4,1,12.272727272727300,475
rubinius.csv,sbs,BATCHSTOP4,2,12.272727272727300,475
rubinius.csv,sbs,BATCHSTOP4,4,12.272727272727300,475
rubinius.csv,sbs,BATCHSTOP4,8,12.272727272727300,475
rubinius.csv,sbs,BATCHSTOP4,16,12.272727272727300,475
rubinius.csv,sbs,BATCHSTOP4,32,12.272727272727300,475
open-build-service.csv,sbs,BATCHSTOP4,1,2.1459227467811200,2052
open-build-service.csv,sbs,BATCHSTOP4,2,2.1459227467811200,2052
open-build-service.csv,sbs,BATCHSTOP4,4,2.1459227467811200,2052
open-build-service.csv,sbs,BATCHSTOP4,8,2.1459227467811200,2052
open-build-service.csv,sbs,BATCHSTOP4,16,2.1459227467811200,2052
open-build-service.csv,sbs,BATCHSTOP4,32,2.1459227467811200,2052
gradle.csv,sbs,BATCHSTOP4,1,1.0771992818671500,972
gradle.csv,sbs,BATCHSTOP4,2,1.0771992818671500,972
gradle.csv,sbs,BATCHSTOP4,4,1.0771992818671500,972
gradle.csv,sbs,BATCHSTOP4,8,1.0771992818671500,972
gradle.csv,sbs,BATCHSTOP4,16,1.0771992818671500,972
gradle.csv,sbs,BATCHSTOP4,32,1.0771992818671500,972
sonarqube.csv,sbs,BATCHSTOP4,1,0.6666666666666670,1933
sonarqube.csv,sbs,BATCHSTOP4,2,0.6666666666666670,1933
sonarqube.csv,sbs,BATCHSTOP4,4,0.6666666666666670,1933
sonarqube.csv,sbs,BATCHSTOP4,8,0.6666666666666670,1933
sonarqube.csv,sbs,BATCHSTOP4,16,0.6666666666666670,1933
sonarqube.csv,sbs,BATCHSTOP4,32,0.6666666666666670,1933
loomio.csv,sbs,BATCHSTOP4,1,6.829268292682930,386
loomio.csv,sbs,BATCHSTOP4,2,6.829268292682930,386
loomio.csv,sbs,BATCHSTOP4,4,6.829268292682930,386
loomio.csv,sbs,BATCHSTOP4,8,6.829268292682930,386
loomio.csv,sbs,BATCHSTOP4,16,6.829268292682930,386
loomio.csv,sbs,BATCHSTOP4,32,6.829268292682930,386
fog.csv,sbs,BATCHSTOP4,1,2.849002849002850,2213
fog.csv,sbs,BATCHSTOP4,2,2.849002849002850,2213
fog.csv,sbs,BATCHSTOP4,4,2.849002849002850,2213
fog.csv,sbs,BATCHSTOP4,8,2.849002849002850,2213
fog.csv,sbs,BATCHSTOP4,16,2.849002849002850,2213
fog.csv,sbs,BATCHSTOP4,32,2.849002849002850,2213
puppet.csv,sbs,BATCHSTOP4,1,0.0,72
puppet.csv,sbs,BATCHSTOP4,2,0.0,72
puppet.csv,sbs,BATCHSTOP4,4,0.0,72
puppet.csv,sbs,BATCHSTOP4,8,0.0,72
puppet.csv,sbs,BATCHSTOP4,16,0.0,72
puppet.csv,sbs,BATCHSTOP4,32,0.0,72
concerto.csv,sbs,BATCHSTOP4,1,0.3448275862068970,1575
concerto.csv,sbs,BATCHSTOP4,2,0.3448275862068970,1575
concerto.csv,sbs,BATCHSTOP4,4,0.3448275862068970,1575
concerto.csv,sbs,BATCHSTOP4,8,0.3448275862068970,1575
concerto.csv,sbs,BATCHSTOP4,16,0.3448275862068970,1575
concerto.csv,sbs,BATCHSTOP4,32,0.3448275862068970,1575
sufia.csv,sbs,BATCHSTOP4,1,0.0,5
sufia.csv,sbs,BATCHSTOP4,2,0.0,5
sufia.csv,sbs,BATCHSTOP4,4,0.0,5
sufia.csv,sbs,BATCHSTOP4,8,0.0,5
sufia.csv,sbs,BATCHSTOP4,16,0.0,5
sufia.csv,sbs,BATCHSTOP4,32,0.0,5
geoserver.csv,sbs,BATCHSTOP4,1,6.5476190476190500,633
geoserver.csv,sbs,BATCHSTOP4,2,6.5476190476190500,633
geoserver.csv,sbs,BATCHSTOP4,4,6.5476190476190500,633
geoserver.csv,sbs,BATCHSTOP4,8,6.5476190476190500,633
geoserver.csv,sbs,BATCHSTOP4,16,6.5476190476190500,633
geoserver.csv,sbs,BATCHSTOP4,32,6.5476190476190500,633
orbeon-forms.csv,sbs,BATCHSTOP4,1,2.1459227467811200,629
orbeon-forms.csv,sbs,BATCHSTOP4,2,2.1459227467811200,629
orbeon-forms.csv,sbs,BATCHSTOP4,4,2.1459227467811200,629
orbeon-forms.csv,sbs,BATCHSTOP4,8,2.1459227467811200,629
orbeon-forms.csv,sbs,BATCHSTOP4,16,2.1459227467811200,629
orbeon-forms.csv,sbs,BATCHSTOP4,32,2.1459227467811200,629
graylog2-server.csv,sbs,BATCHSTOP4,1,0.49875311720698300,464
graylog2-server.csv,sbs,BATCHSTOP4,2,0.49875311720698300,464
graylog2-server.csv,sbs,BATCHSTOP4,4,0.49875311720698300,464
graylog2-server.csv,sbs,BATCHSTOP4,8,0.49875311720698300,464
graylog2-server.csv,sbs,BATCHSTOP4,16,0.49875311720698300,464
graylog2-server.csv,sbs,BATCHSTOP4,32,0.49875311720698300,464