,project,method,algorithm,batch_size,builds_reqd,batch_delays,sbs_delays
759.0,cloud_controller_ng.csv,gr,BATCHBISECT,2,76.2845849802372,127.0,0.0
778.0,cloud_controller_ng.csv,gr,BATCHBISECT,4,76.6798418972332,381.0,0.0
797.0,cloud_controller_ng.csv,gr,BATCH4,4,75.8893280632411,381.0,0.0
816.0,cloud_controller_ng.csv,gr,BATCHSTOP4,4,75.8893280632411,381.0,0.0
835.0,cloud_controller_ng.csv,gr,BATCHBISECT,8,82.2134387351779,893.0,0.0
854.0,cloud_controller_ng.csv,gr,BATCHSTOP4,8,81.4229249011858,893.0,0.0
873.0,cloud_controller_ng.csv,gr,BATCHBISECT,16,88.5375494071146,1917.0,0.0
892.0,cloud_controller_ng.csv,gr,BATCHSTOP4,16,86.9565217391304,1917.0,0.0
760.0,cloudify.csv,gr,BATCHBISECT,2,57.3770491803279,244.0,0.0
779.0,cloudify.csv,gr,BATCHBISECT,4,39.344262295082,732.0,0.0
798.0,cloudify.csv,gr,BATCH4,4,38.9344262295082,732.0,0.0
817.0,cloudify.csv,gr,BATCHSTOP4,4,38.9344262295082,732.0,0.0
836.0,cloudify.csv,gr,BATCHBISECT,8,32.5819672131148,1708.0,0.0
855.0,cloudify.csv,gr,BATCHSTOP4,8,32.172131147541,1708.0,0.0
874.0,cloudify.csv,gr,BATCHBISECT,16,31.3524590163934,3692.0,0.0
893.0,cloudify.csv,gr,BATCHSTOP4,16,30.9426229508197,3692.0,0.0
761.0,concerto.csv,gr,BATCHBISECT,2,60.3448275862069,145.0,0.0
780.0,concerto.csv,gr,BATCHBISECT,4,45.8620689655172,437.0,0.0
799.0,concerto.csv,gr,BATCH4,4,45.8620689655172,437.0,0.0
818.0,concerto.csv,gr,BATCHSTOP4,4,45.8620689655172,437.0,0.0
837.0,concerto.csv,gr,BATCHBISECT,8,42.4137931034483,1021.0,0.0
856.0,concerto.csv,gr,BATCHSTOP4,8,42.4137931034483,1021.0,0.0
875.0,concerto.csv,gr,BATCHBISECT,16,43.7931034482759,2189.0,0.0
894.0,concerto.csv,gr,BATCHSTOP4,16,43.7931034482759,2189.0,0.0
762.0,fog.csv,gr,BATCHBISECT,2,78.0626780626781,176.0,0.0
781.0,fog.csv,gr,BATCHBISECT,4,76.3532763532764,528.0,0.0
800.0,fog.csv,gr,BATCH4,4,71.5099715099715,528.0,0.0
819.0,fog.csv,gr,BATCHSTOP4,4,71.5099715099715,528.0,0.0
838.0,fog.csv,gr,BATCHBISECT,8,79.7720797720798,1232.0,0.0
857.0,fog.csv,gr,BATCHSTOP4,8,74.9287749287749,1232.0,0.0
876.0,fog.csv,gr,BATCHBISECT,16,83.7606837606838,2640.0,0.0
895.0,fog.csv,gr,BATCHSTOP4,16,78.3475783475784,2640.0,0.0
763.0,geoserver.csv,gr,BATCHBISECT,2,97.6190476190476,84.0,0.0
782.0,geoserver.csv,gr,BATCHBISECT,4,107.142857142857,252.0,0.0
801.0,geoserver.csv,gr,BATCH4,4,94.0476190476191,252.0,0.0
820.0,geoserver.csv,gr,BATCHSTOP4,4,94.0476190476191,252.0,0.0
839.0,geoserver.csv,gr,BATCHBISECT,8,118.452380952381,588.0,0.0
858.0,geoserver.csv,gr,BATCHSTOP4,8,105.357142857143,588.0,0.0
877.0,geoserver.csv,gr,BATCHBISECT,16,124.404761904762,1292.0,0.0
896.0,geoserver.csv,gr,BATCHSTOP4,16,111.309523809524,1292.0,0.0
764.0,gradle.csv,gr,BATCHBISECT,2,57.2710951526032,279.0,0.0
783.0,gradle.csv,gr,BATCHBISECT,4,39.4973070017953,837.0,0.0
802.0,gradle.csv,gr,BATCH4,4,39.4973070017953,837.0,0.0
821.0,gradle.csv,gr,BATCHSTOP4,4,39.4973070017953,837.0,0.0
840.0,gradle.csv,gr,BATCHBISECT,8,33.7522441651706,1957.0,0.0
859.0,gradle.csv,gr,BATCHSTOP4,8,33.7522441651706,1957.0,0.0
878.0,gradle.csv,gr,BATCHBISECT,16,33.572710951526,4197.0,0.0
897.0,gradle.csv,gr,BATCHSTOP4,16,33.572710951526,4197.0,0.0
765.0,graylog2-server.csv,gr,BATCHBISECT,2,53.6159600997506,201.0,0.0
784.0,graylog2-server.csv,gr,BATCHBISECT,4,32.1695760598504,603.0,0.0
803.0,graylog2-server.csv,gr,BATCH4,4,32.1695760598504,603.0,0.0
822.0,graylog2-server.csv,gr,BATCHSTOP4,4,32.1695760598504,603.0,0.0
841.0,graylog2-server.csv,gr,BATCHBISECT,8,23.1920199501247,1407.0,0.0
860.0,graylog2-server.csv,gr,BATCHSTOP4,8,23.1920199501247,1407.0,0.0
879.0,graylog2-server.csv,gr,BATCHBISECT,16,20.4488778054863,3015.0,0.0
898.0,graylog2-server.csv,gr,BATCHSTOP4,16,20.4488778054863,3015.0,0.0
766.0,jruby.csv,gr,BATCHBISECT,2,84.9878934624697,207.0,0.0
785.0,jruby.csv,gr,BATCHBISECT,4,88.6198547215496,621.0,0.0
804.0,jruby.csv,gr,BATCH4,4,82.3244552058111,621.0,0.0
823.0,jruby.csv,gr,BATCHSTOP4,4,82.3244552058111,621.0,0.0
842.0,jruby.csv,gr,BATCHBISECT,8,95.8837772397095,1453.0,0.0
861.0,jruby.csv,gr,BATCHSTOP4,8,89.588377723971,1453.0,0.0
880.0,jruby.csv,gr,BATCHBISECT,16,101.694915254237,3117.0,0.0
899.0,jruby.csv,gr,BATCHSTOP4,16,94.9152542372881,3117.0,0.0
767.0,loomio.csv,gr,BATCHBISECT,2,74.6341463414634,103.0,0.0
786.0,loomio.csv,gr,BATCHBISECT,4,68.2926829268293,309.0,0.0
805.0,loomio.csv,gr,BATCH4,4,62.4390243902439,309.0,0.0
824.0,loomio.csv,gr,BATCHSTOP4,4,62.4390243902439,309.0,0.0
843.0,loomio.csv,gr,BATCHBISECT,8,71.219512195122,725.0,0.0
862.0,loomio.csv,gr,BATCHSTOP4,8,65.3658536585366,725.0,0.0
881.0,loomio.csv,gr,BATCHBISECT,16,74.6341463414634,1557.0,0.0
900.0,loomio.csv,gr,BATCHSTOP4,16,68.2926829268293,1557.0,0.0
777.0,metasploit-framework.csv,gr,BATCHBISECT,2,56.2905317769131,386.0,0.0
796.0,metasploit-framework.csv,gr,BATCHBISECT,4,37.2243839169909,1158.0,0.0
815.0,metasploit-framework.csv,gr,BATCH4,4,36.9649805447471,1158.0,0.0
834.0,metasploit-framework.csv,gr,BATCHSTOP4,4,36.9649805447471,1158.0,0.0
853.0,metasploit-framework.csv,gr,BATCHBISECT,8,30.2204928664073,2706.0,0.0
872.0,metasploit-framework.csv,gr,BATCHSTOP4,8,29.9610894941634,2706.0,0.0
891.0,metasploit-framework.csv,gr,BATCHBISECT,16,28.1452658884566,5802.0,0.0
910.0,metasploit-framework.csv,gr,BATCHSTOP4,16,27.8858625162127,5802.0,0.0
768.0,opal.csv,gr,BATCHBISECT,2,58.0357142857143,112.0,0.0
787.0,opal.csv,gr,BATCHBISECT,4,40.1785714285714,336.0,0.0
806.0,opal.csv,gr,BATCH4,4,39.2857142857143,336.0,0.0
825.0,opal.csv,gr,BATCHSTOP4,4,39.2857142857143,336.0,0.0
844.0,opal.csv,gr,BATCHBISECT,8,34.8214285714286,784.0,0.0
863.0,opal.csv,gr,BATCHSTOP4,8,33.9285714285714,784.0,0.0
882.0,opal.csv,gr,BATCHBISECT,16,34.8214285714286,1680.0,0.0
901.0,opal.csv,gr,BATCHSTOP4,16,33.9285714285714,1680.0,0.0
769.0,open-build-service.csv,gr,BATCHBISECT,2,70.6008583690987,233.0,0.0
788.0,open-build-service.csv,gr,BATCHBISECT,4,64.1630901287554,701.0,0.0
807.0,open-build-service.csv,gr,BATCH4,4,62.0171673819743,701.0,0.0
826.0,open-build-service.csv,gr,BATCHSTOP4,4,62.0171673819743,701.0,0.0
845.0,open-build-service.csv,gr,BATCHBISECT,8,66.7381974248927,1637.0,0.0
864.0,open-build-service.csv,gr,BATCHSTOP4,8,64.5922746781116,1637.0,0.0
883.0,open-build-service.csv,gr,BATCHBISECT,16,71.2446351931331,3509.0,0.0
902.0,open-build-service.csv,gr,BATCHSTOP4,16,69.0987124463519,3509.0,0.0
770.0,orbeon-forms.csv,gr,BATCHBISECT,2,67.381974248927,117.0,0.0
789.0,orbeon-forms.csv,gr,BATCHBISECT,4,59.656652360515,351.0,0.0
808.0,orbeon-forms.csv,gr,BATCH4,4,59.656652360515,351.0,0.0
827.0,orbeon-forms.csv,gr,BATCHSTOP4,4,59.656652360515,351.0,0.0
846.0,orbeon-forms.csv,gr,BATCHBISECT,8,60.9442060085837,819.0,0.0
865.0,orbeon-forms.csv,gr,BATCHSTOP4,8,60.9442060085837,819.0,0.0
884.0,orbeon-forms.csv,gr,BATCHBISECT,16,63.9484978540773,1779.0,0.0
903.0,orbeon-forms.csv,gr,BATCHSTOP4,16,63.9484978540773,1779.0,0.0
771.0,puppet.csv,gr,BATCHBISECT,2,56.5217391304348,35.0,0.0
790.0,puppet.csv,gr,BATCHBISECT,4,34.7826086956522,105.0,0.0
809.0,puppet.csv,gr,BATCH4,4,31.8840579710145,105.0,0.0
828.0,puppet.csv,gr,BATCHSTOP4,4,31.8840579710145,105.0,0.0
847.0,puppet.csv,gr,BATCHBISECT,8,24.6376811594203,249.0,0.0
866.0,puppet.csv,gr,BATCHSTOP4,8,21.7391304347826,249.0,0.0
885.0,puppet.csv,gr,BATCHBISECT,16,21.7391304347826,545.0,0.0
904.0,puppet.csv,gr,BATCHSTOP4,16,18.8405797101449,545.0,0.0
772.0,rails.csv,gr,BATCHBISECT,2,70.4807041299932,739.0,0.0
791.0,rails.csv,gr,BATCHBISECT,4,63.3716993906567,2217.0,0.0
810.0,rails.csv,gr,BATCH4,4,60.7989167230873,2217.0,0.0
829.0,rails.csv,gr,BATCHSTOP4,4,60.7989167230873,2217.0,0.0
848.0,rails.csv,gr,BATCHBISECT,8,65.1997291807718,5177.0,0.0
867.0,rails.csv,gr,BATCHSTOP4,8,62.5592417061611,5177.0,0.0
886.0,rails.csv,gr,BATCHBISECT,16,68.9911983750846,11105.0,0.0
905.0,rails.csv,gr,BATCHSTOP4,16,66.3507109004739,11105.0,0.0
773.0,rubinius.csv,gr,BATCHBISECT,2,81.8181818181818,110.0,0.0
792.0,rubinius.csv,gr,BATCHBISECT,4,82.2727272727273,330.0,0.0
811.0,rubinius.csv,gr,BATCH4,4,75.9090909090909,330.0,0.0
830.0,rubinius.csv,gr,BATCHSTOP4,4,75.9090909090909,330.0,0.0
849.0,rubinius.csv,gr,BATCHBISECT,8,89.0909090909091,778.0,0.0
868.0,rubinius.csv,gr,BATCHSTOP4,8,82.7272727272727,778.0,0.0
887.0,rubinius.csv,gr,BATCHBISECT,16,95.4545454545455,1674.0,0.0
906.0,rubinius.csv,gr,BATCHSTOP4,16,88.6363636363636,1674.0,0.0
774.0,sonarqube.csv,gr,BATCHBISECT,2,64.6666666666667,150.0,0.0
793.0,sonarqube.csv,gr,BATCHBISECT,4,54.3333333333333,450.0,0.0
812.0,sonarqube.csv,gr,BATCH4,4,54.3333333333333,450.0,0.0
831.0,sonarqube.csv,gr,BATCHSTOP4,4,54.3333333333333,450.0,0.0
850.0,sonarqube.csv,gr,BATCHBISECT,8,54.0,1058.0,0.0
869.0,sonarqube.csv,gr,BATCHSTOP4,8,54.0,1058.0,0.0
888.0,sonarqube.csv,gr,BATCHBISECT,16,57.0,2274.0,0.0
907.0,sonarqube.csv,gr,BATCHSTOP4,16,57.0,2274.0,0.0
775.0,sufia.csv,gr,BATCHBISECT,2,63.1578947368421,10.0,0.0
794.0,sufia.csv,gr,BATCHBISECT,4,47.3684210526316,30.0,0.0
813.0,sufia.csv,gr,BATCH4,4,47.3684210526316,30.0,0.0
832.0,sufia.csv,gr,BATCHSTOP4,4,47.3684210526316,30.0,0.0
851.0,sufia.csv,gr,BATCHBISECT,8,47.3684210526316,74.0,0.0
870.0,sufia.csv,gr,BATCHSTOP4,8,47.3684210526316,74.0,0.0
889.0,sufia.csv,gr,BATCHBISECT,16,52.6315789473684,162.0,0.0
908.0,sufia.csv,gr,BATCHSTOP4,16,52.6315789473684,162.0,0.0
776.0,vagrant.csv,gr,BATCHBISECT,2,56.3380281690141,142.0,0.0
795.0,vagrant.csv,gr,BATCHBISECT,4,37.6760563380282,426.0,0.0
814.0,vagrant.csv,gr,BATCH4,4,37.6760563380282,426.0,0.0
833.0,vagrant.csv,gr,BATCHSTOP4,4,37.6760563380282,426.0,0.0
852.0,vagrant.csv,gr,BATCHBISECT,8,31.6901408450704,1002.0,0.0
871.0,vagrant.csv,gr,BATCHSTOP4,8,31.6901408450704,1002.0,0.0
890.0,vagrant.csv,gr,BATCHBISECT,16,30.9859154929577,2154.0,0.0
909.0,vagrant.csv,gr,BATCHSTOP4,16,30.6338028169014,2154.0,0.0
152.0,rails.csv,sbs,BATCHBISECT,2,3.0467163168584968,0.0,33.0
153.0,rails.csv,sbs,BATCH4,4,3.0467163168584968,0.0,33.0
154.0,rails.csv,sbs,BATCHBISECT,4,3.0467163168584968,0.0,33.0
155.0,rails.csv,sbs,BATCHSTOP4,4,3.0467163168584968,0.0,33.0
156.0,rails.csv,sbs,BATCHBISECT,8,3.0467163168584968,0.0,33.0
157.0,rails.csv,sbs,BATCHSTOP4,8,3.0467163168584968,0.0,33.0
158.0,rails.csv,sbs,BATCHBISECT,16,3.0467163168584968,0.0,33.0
159.0,rails.csv,sbs,BATCHSTOP4,16,3.0467163168584968,0.0,33.0
160.0,jruby.csv,sbs,BATCHBISECT,2,9.443099273607748,0.0,9.5
161.0,jruby.csv,sbs,BATCH4,4,9.443099273607748,0.0,9.5
162.0,jruby.csv,sbs,BATCHBISECT,4,9.443099273607748,0.0,9.5
163.0,jruby.csv,sbs,BATCHSTOP4,4,9.443099273607748,0.0,9.5
164.0,jruby.csv,sbs,BATCHBISECT,8,9.443099273607748,0.0,9.5
165.0,jruby.csv,sbs,BATCHSTOP4,8,9.443099273607748,0.0,9.5
166.0,jruby.csv,sbs,BATCHBISECT,16,9.443099273607748,0.0,9.5
167.0,jruby.csv,sbs,BATCHSTOP4,16,9.443099273607748,0.0,9.5
168.0,metasploit-framework.csv,sbs,BATCHBISECT,2,0.7782101167315175,0.0,54.0
169.0,metasploit-framework.csv,sbs,BATCH4,4,0.7782101167315175,0.0,54.0
170.0,metasploit-framework.csv,sbs,BATCHBISECT,4,0.7782101167315175,0.0,54.0
171.0,metasploit-framework.csv,sbs,BATCHSTOP4,4,0.7782101167315175,0.0,54.0
172.0,metasploit-framework.csv,sbs,BATCHBISECT,8,0.7782101167315175,0.0,54.0
173.0,metasploit-framework.csv,sbs,BATCHSTOP4,8,0.7782101167315175,0.0,54.0
174.0,metasploit-framework.csv,sbs,BATCHBISECT,16,0.7782101167315175,0.0,54.0
175.0,metasploit-framework.csv,sbs,BATCHSTOP4,16,0.7782101167315175,0.0,54.0
176.0,vagrant.csv,sbs,BATCHBISECT,2,0.0,0.0,116.0
177.0,vagrant.csv,sbs,BATCH4,4,0.0,0.0,116.0
178.0,vagrant.csv,sbs,BATCHBISECT,4,0.0,0.0,116.0
179.0,vagrant.csv,sbs,BATCHSTOP4,4,0.0,0.0,116.0
180.0,vagrant.csv,sbs,BATCHBISECT,8,0.0,0.0,116.0
181.0,vagrant.csv,sbs,BATCHSTOP4,8,0.0,0.0,116.0
182.0,vagrant.csv,sbs,BATCHBISECT,16,0.0,0.0,116.0
183.0,vagrant.csv,sbs,BATCHSTOP4,16,0.0,0.0,116.0
184.0,cloudify.csv,sbs,BATCHBISECT,2,0.4098360655737705,0.0,80.0
185.0,cloudify.csv,sbs,BATCH4,4,0.4098360655737705,0.0,80.0
186.0,cloudify.csv,sbs,BATCHBISECT,4,0.4098360655737705,0.0,80.0
187.0,cloudify.csv,sbs,BATCHSTOP4,4,0.4098360655737705,0.0,80.0
188.0,cloudify.csv,sbs,BATCHBISECT,8,0.4098360655737705,0.0,80.0
189.0,cloudify.csv,sbs,BATCHSTOP4,8,0.4098360655737705,0.0,80.0
190.0,cloudify.csv,sbs,BATCHBISECT,16,0.4098360655737705,0.0,80.0
191.0,cloudify.csv,sbs,BATCHSTOP4,16,0.4098360655737705,0.0,80.0
192.0,rubinius.csv,sbs,BATCHBISECT,2,9.090909090909092,0.0,6.0
193.0,rubinius.csv,sbs,BATCH4,4,9.090909090909092,0.0,6.0
194.0,rubinius.csv,sbs,BATCHBISECT,4,9.090909090909092,0.0,6.0
195.0,rubinius.csv,sbs,BATCHSTOP4,4,9.090909090909092,0.0,6.0
196.0,rubinius.csv,sbs,BATCHBISECT,8,9.090909090909092,0.0,6.0
197.0,rubinius.csv,sbs,BATCHSTOP4,8,9.090909090909092,0.0,6.0
198.0,rubinius.csv,sbs,BATCHBISECT,16,9.090909090909092,0.0,6.0
199.0,rubinius.csv,sbs,BATCHSTOP4,16,9.090909090909092,0.0,6.0
200.0,open-build-service.csv,sbs,BATCHBISECT,2,3.648068669527897,0.0,15.0
201.0,open-build-service.csv,sbs,BATCH4,4,3.648068669527897,0.0,15.0
202.0,open-build-service.csv,sbs,BATCHBISECT,4,3.648068669527897,0.0,15.0
203.0,open-build-service.csv,sbs,BATCHSTOP4,4,3.648068669527897,0.0,15.0
204.0,open-build-service.csv,sbs,BATCHBISECT,8,3.648068669527897,0.0,15.0
205.0,open-build-service.csv,sbs,BATCHSTOP4,8,3.648068669527897,0.0,15.0
206.0,open-build-service.csv,sbs,BATCHBISECT,16,3.648068669527897,0.0,15.0
207.0,open-build-service.csv,sbs,BATCHSTOP4,16,3.648068669527897,0.0,15.0
208.0,gradle.csv,sbs,BATCHBISECT,2,1.2567324955116697,0.0,34.0
209.0,gradle.csv,sbs,BATCH4,4,1.2567324955116697,0.0,34.0
210.0,gradle.csv,sbs,BATCHBISECT,4,1.2567324955116697,0.0,34.0
211.0,gradle.csv,sbs,BATCHSTOP4,4,1.2567324955116697,0.0,34.0
212.0,gradle.csv,sbs,BATCHBISECT,8,1.2567324955116697,0.0,34.0
213.0,gradle.csv,sbs,BATCHSTOP4,8,1.2567324955116697,0.0,34.0
214.0,gradle.csv,sbs,BATCHBISECT,16,1.2567324955116697,0.0,34.0
215.0,gradle.csv,sbs,BATCHSTOP4,16,1.2567324955116697,0.0,34.0
216.0,sonarqube.csv,sbs,BATCHBISECT,2,2.0,0.0,34.0
217.0,sonarqube.csv,sbs,BATCH4,4,2.0,0.0,34.0
218.0,sonarqube.csv,sbs,BATCHBISECT,4,2.0,0.0,34.0
219.0,sonarqube.csv,sbs,BATCHSTOP4,4,2.0,0.0,34.0
220.0,sonarqube.csv,sbs,BATCHBISECT,8,2.0,0.0,34.0
221.0,sonarqube.csv,sbs,BATCHSTOP4,8,2.0,0.0,34.0
222.0,sonarqube.csv,sbs,BATCHBISECT,16,2.0,0.0,34.0
223.0,sonarqube.csv,sbs,BATCHSTOP4,16,2.0,0.0,34.0
224.0,loomio.csv,sbs,BATCHBISECT,2,3.902439024390244,0.0,37.0
225.0,loomio.csv,sbs,BATCH4,4,3.902439024390244,0.0,37.0
226.0,loomio.csv,sbs,BATCHBISECT,4,3.902439024390244,0.0,37.0
227.0,loomio.csv,sbs,BATCHSTOP4,4,3.902439024390244,0.0,37.0
228.0,loomio.csv,sbs,BATCHBISECT,8,3.902439024390244,0.0,37.0
229.0,loomio.csv,sbs,BATCHSTOP4,8,3.902439024390244,0.0,37.0
230.0,loomio.csv,sbs,BATCHBISECT,16,3.902439024390244,0.0,37.0
231.0,loomio.csv,sbs,BATCHSTOP4,16,3.902439024390244,0.0,37.0
232.0,fog.csv,sbs,BATCHBISECT,2,3.418803418803418,0.0,16.0
233.0,fog.csv,sbs,BATCH4,4,3.418803418803418,0.0,16.0
234.0,fog.csv,sbs,BATCHBISECT,4,3.418803418803418,0.0,16.0
235.0,fog.csv,sbs,BATCHSTOP4,4,3.418803418803418,0.0,16.0
236.0,fog.csv,sbs,BATCHBISECT,8,3.418803418803418,0.0,16.0
237.0,fog.csv,sbs,BATCHSTOP4,8,3.418803418803418,0.0,16.0
238.0,fog.csv,sbs,BATCHBISECT,16,3.418803418803418,0.0,16.0
239.0,fog.csv,sbs,BATCHSTOP4,16,3.418803418803418,0.0,16.0
240.0,puppet.csv,sbs,BATCHBISECT,2,0.0,0.0,36.0
241.0,puppet.csv,sbs,BATCH4,4,0.0,0.0,36.0
242.0,puppet.csv,sbs,BATCHBISECT,4,0.0,0.0,36.0
243.0,puppet.csv,sbs,BATCHSTOP4,4,0.0,0.0,36.0
244.0,puppet.csv,sbs,BATCHBISECT,8,0.0,0.0,36.0
245.0,puppet.csv,sbs,BATCHSTOP4,8,0.0,0.0,36.0
246.0,puppet.csv,sbs,BATCHBISECT,16,0.0,0.0,36.0
247.0,puppet.csv,sbs,BATCHSTOP4,16,0.0,0.0,36.0
248.0,concerto.csv,sbs,BATCHBISECT,2,1.0344827586206895,0.0,48.0
249.0,concerto.csv,sbs,BATCH4,4,1.0344827586206895,0.0,48.0
250.0,concerto.csv,sbs,BATCHBISECT,4,1.0344827586206895,0.0,48.0
251.0,concerto.csv,sbs,BATCHSTOP4,4,1.0344827586206895,0.0,48.0
252.0,concerto.csv,sbs,BATCHBISECT,8,1.0344827586206895,0.0,48.0
253.0,concerto.csv,sbs,BATCHSTOP4,8,1.0344827586206895,0.0,48.0
254.0,concerto.csv,sbs,BATCHBISECT,16,1.0344827586206895,0.0,48.0
255.0,concerto.csv,sbs,BATCHSTOP4,16,1.0344827586206895,0.0,48.0
256.0,sufia.csv,sbs,BATCHBISECT,2,0.0,0.0,5.0
257.0,sufia.csv,sbs,BATCH4,4,0.0,0.0,5.0
258.0,sufia.csv,sbs,BATCHBISECT,4,0.0,0.0,5.0
259.0,sufia.csv,sbs,BATCHSTOP4,4,0.0,0.0,5.0
260.0,sufia.csv,sbs,BATCHBISECT,8,0.0,0.0,5.0
261.0,sufia.csv,sbs,BATCHSTOP4,8,0.0,0.0,5.0
262.0,sufia.csv,sbs,BATCHBISECT,16,0.0,0.0,5.0
263.0,sufia.csv,sbs,BATCHSTOP4,16,0.0,0.0,5.0
264.0,geoserver.csv,sbs,BATCHBISECT,2,9.523809523809524,0.0,8.0
265.0,geoserver.csv,sbs,BATCH4,4,9.523809523809524,0.0,8.0
266.0,geoserver.csv,sbs,BATCHBISECT,4,9.523809523809524,0.0,8.0
267.0,geoserver.csv,sbs,BATCHSTOP4,4,9.523809523809524,0.0,8.0
268.0,geoserver.csv,sbs,BATCHBISECT,8,9.523809523809524,0.0,8.0
269.0,geoserver.csv,sbs,BATCHSTOP4,8,9.523809523809524,0.0,8.0
270.0,geoserver.csv,sbs,BATCHBISECT,16,9.523809523809524,0.0,8.0
271.0,geoserver.csv,sbs,BATCHSTOP4,16,9.523809523809524,0.0,8.0
272.0,orbeon-forms.csv,sbs,BATCHBISECT,2,1.7167381974248928,0.0,45.5
273.0,orbeon-forms.csv,sbs,BATCH4,4,1.7167381974248928,0.0,45.5
274.0,orbeon-forms.csv,sbs,BATCHBISECT,4,1.7167381974248928,0.0,45.5
275.0,orbeon-forms.csv,sbs,BATCHSTOP4,4,1.7167381974248928,0.0,45.5
276.0,orbeon-forms.csv,sbs,BATCHBISECT,8,1.7167381974248928,0.0,45.5
277.0,orbeon-forms.csv,sbs,BATCHSTOP4,8,1.7167381974248928,0.0,45.5
278.0,orbeon-forms.csv,sbs,BATCHBISECT,16,1.7167381974248928,0.0,45.5
279.0,orbeon-forms.csv,sbs,BATCHSTOP4,16,1.7167381974248928,0.0,45.5
280.0,graylog2-server.csv,sbs,BATCHBISECT,2,0.4987531172069825,0.0,182.0
281.0,graylog2-server.csv,sbs,BATCH4,4,0.4987531172069825,0.0,182.0
282.0,graylog2-server.csv,sbs,BATCHBISECT,4,0.4987531172069825,0.0,182.0
283.0,graylog2-server.csv,sbs,BATCHSTOP4,4,0.4987531172069825,0.0,182.0
284.0,graylog2-server.csv,sbs,BATCHBISECT,8,0.4987531172069825,0.0,182.0
285.0,graylog2-server.csv,sbs,BATCHSTOP4,8,0.4987531172069825,0.0,182.0
286.0,graylog2-server.csv,sbs,BATCHBISECT,16,0.4987531172069825,0.0,182.0
287.0,graylog2-server.csv,sbs,BATCHSTOP4,16,0.4987531172069825,0.0,182.0
288.0,opal.csv,sbs,BATCHBISECT,2,1.3392857142857142,0.0,49.0
289.0,opal.csv,sbs,BATCH4,4,1.3392857142857142,0.0,49.0
290.0,opal.csv,sbs,BATCHBISECT,4,1.3392857142857142,0.0,49.0
291.0,opal.csv,sbs,BATCHSTOP4,4,1.3392857142857142,0.0,49.0
292.0,opal.csv,sbs,BATCHBISECT,8,1.3392857142857142,0.0,49.0
293.0,opal.csv,sbs,BATCHSTOP4,8,1.3392857142857142,0.0,49.0
294.0,opal.csv,sbs,BATCHBISECT,16,1.3392857142857142,0.0,49.0
295.0,opal.csv,sbs,BATCHSTOP4,16,1.3392857142857142,0.0,49.0
296.0,cloud_controller_ng.csv,sbs,BATCHBISECT,2,5.138339920948616,0.0,15.0
297.0,cloud_controller_ng.csv,sbs,BATCH4,4,5.138339920948616,0.0,15.0
298.0,cloud_controller_ng.csv,sbs,BATCHBISECT,4,5.138339920948616,0.0,15.0
299.0,cloud_controller_ng.csv,sbs,BATCHSTOP4,4,5.138339920948616,0.0,15.0
300.0,cloud_controller_ng.csv,sbs,BATCHBISECT,8,5.138339920948616,0.0,15.0
301.0,cloud_controller_ng.csv,sbs,BATCHSTOP4,8,5.138339920948616,0.0,15.0
302.0,cloud_controller_ng.csv,sbs,BATCHBISECT,16,5.138339920948616,0.0,15.0
303.0,cloud_controller_ng.csv,sbs,BATCHSTOP4,16,5.138339920948616,0.0,15.0
304.0,loomio.csv,ssr,BATCHSTOP4,4,37.56097412109375,150.0,7.0
305.0,loomio.csv,ssr,BATCHSTOP4,8,33.65853500366211,364.0,9.5
306.0,loomio.csv,ssr,BATCHSTOP4,16,58.53658676147461,1171.0,14.0
307.0,loomio.csv,ssr,BATCH4,4,37.56097412109375,150.0,7.0
308.0,loomio.csv,ssr,BATCHBISECT,1,38.53658676147461,0.0,3.0
309.0,loomio.csv,ssr,BATCHBISECT,2,32.19512176513672,40.0,4.0
310.0,loomio.csv,ssr,BATCHBISECT,4,40.4878044128418,150.0,7.0
311.0,loomio.csv,ssr,BATCHBISECT,8,36.58536529541016,364.0,9.5
312.0,loomio.csv,ssr,BATCHBISECT,16,63.41463470458984,1171.0,14.0
313.0,puppet.csv,ssr,BATCHSTOP4,4,4.34782600402832,18.0,3.0
314.0,puppet.csv,ssr,BATCHSTOP4,8,4.34782600402832,57.0,11.0
315.0,puppet.csv,ssr,BATCHSTOP4,16,14.492753982543944,240.0,[0]
316.0,puppet.csv,ssr,BATCH4,4,4.34782600402832,18.0,3.0
317.0,puppet.csv,ssr,BATCHBISECT,1,5.7971014976501465,0.0,3
318.0,puppet.csv,ssr,BATCHBISECT,2,4.34782600402832,3.0,3.0
319.0,puppet.csv,ssr,BATCHBISECT,4,4.34782600402832,18.0,3.0
320.0,puppet.csv,ssr,BATCHBISECT,8,4.34782600402832,57.0,11.0
321.0,puppet.csv,ssr,BATCHBISECT,16,17.39130401611328,240.0,[0]
322.0,orbeon-forms.csv,ssr,BATCHSTOP4,4,22.317596435546875,144.0,5
323.0,orbeon-forms.csv,ssr,BATCHSTOP4,8,38.19742584228516,476.0,12.5
324.0,orbeon-forms.csv,ssr,BATCHSTOP4,16,54.93562316894531,1440.0,5
325.0,orbeon-forms.csv,ssr,BATCH4,4,22.317596435546875,144.0,5
326.0,orbeon-forms.csv,ssr,BATCHBISECT,1,35.19313430786133,0.0,2
327.0,orbeon-forms.csv,ssr,BATCHBISECT,2,25.321887969970703,41.0,3
328.0,orbeon-forms.csv,ssr,BATCHBISECT,4,22.317596435546875,144.0,5
329.0,orbeon-forms.csv,ssr,BATCHBISECT,8,39.05579376220703,476.0,12.5
330.0,orbeon-forms.csv,ssr,BATCHBISECT,16,54.93562316894531,1440.0,5
331.0,rubinius.csv,ssr,BATCHSTOP4,4,48.18181991577149,204.0,4.5
332.0,rubinius.csv,ssr,BATCHSTOP4,8,73.63636016845703,616.0,5
333.0,rubinius.csv,ssr,BATCHSTOP4,16,80.90908813476562,1518.0,5
334.0,rubinius.csv,ssr,BATCH4,4,48.18181991577149,204.0,4.5
335.0,rubinius.csv,ssr,BATCHBISECT,1,39.09090805053711,0.0,2.0
336.0,rubinius.csv,ssr,BATCHBISECT,2,50.90909194946289,64.0,3
337.0,rubinius.csv,ssr,BATCHBISECT,4,52.727272033691406,204.0,4.5
338.0,rubinius.csv,ssr,BATCHBISECT,8,78.18181610107422,616.0,5
339.0,rubinius.csv,ssr,BATCHBISECT,16,87.2727279663086,1518.0,5
340.0,metasploit-framework.csv,ssr,BATCHSTOP4,4,10.635538101196287,276.0,8.0
341.0,metasploit-framework.csv,ssr,BATCHSTOP4,8,11.15434455871582,952.0,10.5
342.0,metasploit-framework.csv,ssr,BATCHSTOP4,16,14.007781982421877,3175.0,11
343.0,metasploit-framework.csv,ssr,BATCH4,4,10.635538101196287,276.0,8.0
344.0,metasploit-framework.csv,ssr,BATCHBISECT,1,34.37094497680664,0.0,2.0
345.0,metasploit-framework.csv,ssr,BATCHBISECT,2,12.71076488494873,80.0,5
346.0,metasploit-framework.csv,ssr,BATCHBISECT,4,10.894941329956056,276.0,8.0
347.0,metasploit-framework.csv,ssr,BATCHBISECT,8,11.413748741149902,952.0,10.5
348.0,metasploit-framework.csv,ssr,BATCHBISECT,16,14.26718521118164,3175.0,11
349.0,sufia.csv,ssr,BATCHSTOP4,4,0.0,0.0,6
350.0,sufia.csv,ssr,BATCHSTOP4,8,0.0,0.0,6
351.0,sufia.csv,ssr,BATCHSTOP4,16,0.0,0.0,6
352.0,sufia.csv,ssr,BATCH4,4,0.0,0.0,6
353.0,sufia.csv,ssr,BATCHBISECT,1,5.263157844543457,0.0,2
354.0,sufia.csv,ssr,BATCHBISECT,2,0.0,0.0,6
355.0,sufia.csv,ssr,BATCHBISECT,4,0.0,0.0,6
356.0,sufia.csv,ssr,BATCHBISECT,8,0.0,0.0,6
357.0,sufia.csv,ssr,BATCHBISECT,16,0.0,0.0,6
358.0,jruby.csv,ssr,BATCHSTOP4,4,55.93220520019531,390.0,6
359.0,jruby.csv,ssr,BATCHSTOP4,8,78.93462371826172,1235.0,4.0
360.0,jruby.csv,ssr,BATCHSTOP4,16,87.65132904052734,2766.0,4.5
361.0,jruby.csv,ssr,BATCH4,4,55.93220520019531,390.0,6
362.0,jruby.csv,ssr,BATCHBISECT,1,55.447940826416016,0.0,2
363.0,jruby.csv,ssr,BATCHBISECT,2,56.17433547973633,134.0,3
364.0,jruby.csv,ssr,BATCHBISECT,4,60.77481842041016,390.0,6
365.0,jruby.csv,ssr,BATCHBISECT,8,84.74576568603516,1235.0,4.0
366.0,jruby.csv,ssr,BATCHBISECT,16,92.97821044921876,2766.0,4.5
367.0,vagrant.csv,ssr,BATCHSTOP4,4,13.380281448364258,108.0,8.0
368.0,vagrant.csv,ssr,BATCHSTOP4,8,10.563380241394045,336.0,7.0
369.0,vagrant.csv,ssr,BATCHSTOP4,16,15.845070838928224,1101.0,9
370.0,vagrant.csv,ssr,BATCH4,4,13.380281448364258,108.0,8.0
371.0,vagrant.csv,ssr,BATCHBISECT,1,14.788732528686523,0.0,3
372.0,vagrant.csv,ssr,BATCHBISECT,2,9.507041931152344,23.0,5
373.0,vagrant.csv,ssr,BATCHBISECT,4,13.380281448364258,108.0,8.0
374.0,vagrant.csv,ssr,BATCHBISECT,8,10.563380241394045,336.0,7.0
375.0,vagrant.csv,ssr,BATCHBISECT,16,15.845070838928224,1101.0,9
376.0,rails.csv,ssr,BATCHSTOP4,4,28.0297908782959,1020.0,5
377.0,rails.csv,ssr,BATCHSTOP4,8,37.576168060302734,2996.0,9
378.0,rails.csv,ssr,BATCHSTOP4,16,58.70006942749024,9480.0,11.5
379.0,rails.csv,ssr,BATCH4,4,28.0297908782959,1020.0,5
380.0,rails.csv,ssr,BATCHBISECT,1,52.60663604736328,0.0,2
381.0,rails.csv,ssr,BATCHBISECT,2,40.21665573120117,418.0,3.0
382.0,rails.csv,ssr,BATCHBISECT,4,29.383886337280277,1020.0,5
383.0,rails.csv,ssr,BATCHBISECT,8,39.20108413696289,2996.0,9
384.0,rails.csv,ssr,BATCHBISECT,16,60.7312126159668,9480.0,11.5
385.0,concerto.csv,ssr,BATCHSTOP4,4,14.137930870056152,126.0,9
386.0,concerto.csv,ssr,BATCHSTOP4,8,15.17241382598877,392.0,12
387.0,concerto.csv,ssr,BATCHSTOP4,16,24.827587127685547,1440.0,8.0
388.0,concerto.csv,ssr,BATCH4,4,14.137930870056152,126.0,9
389.0,concerto.csv,ssr,BATCHBISECT,1,21.37931060791016,0.0,4
390.0,concerto.csv,ssr,BATCHBISECT,2,16.89655113220215,37.0,4
391.0,concerto.csv,ssr,BATCHBISECT,4,14.82758617401123,126.0,9
392.0,concerto.csv,ssr,BATCHBISECT,8,15.862069129943848,392.0,12
393.0,concerto.csv,ssr,BATCHBISECT,16,25.517240524291992,1440.0,8.0
394.0,cloud_controller_ng.csv,ssr,BATCHSTOP4,4,40.711463928222656,210.0,5
395.0,cloud_controller_ng.csv,ssr,BATCHSTOP4,8,67.98419189453125,659.0,12
396.0,cloud_controller_ng.csv,ssr,BATCHSTOP4,16,73.51778411865234,1626.0,10
397.0,cloud_controller_ng.csv,ssr,BATCH4,4,40.711463928222656,210.0,5
398.0,cloud_controller_ng.csv,ssr,BATCHBISECT,1,53.75494003295898,0.0,2
399.0,cloud_controller_ng.csv,ssr,BATCHBISECT,2,38.73517608642578,62.0,3
400.0,cloud_controller_ng.csv,ssr,BATCHBISECT,4,43.083003997802734,210.0,5
401.0,cloud_controller_ng.csv,ssr,BATCHBISECT,8,68.77470397949219,659.0,12
402.0,cloud_controller_ng.csv,ssr,BATCHBISECT,16,76.67984008789062,1626.0,10
403.0,cloudify.csv,ssr,BATCHSTOP4,4,11.680327415466309,174.0,6.5
404.0,cloudify.csv,ssr,BATCHSTOP4,8,15.368852615356444,644.0,8.5
405.0,cloudify.csv,ssr,BATCHSTOP4,16,14.34426212310791,2068.0,7.5
406.0,cloudify.csv,ssr,BATCH4,4,11.680327415466309,174.0,6.5
407.0,cloudify.csv,ssr,BATCHBISECT,1,25.81967163085937,0.0,3.0
408.0,cloudify.csv,ssr,BATCHBISECT,2,16.598360061645508,67.0,4
409.0,cloudify.csv,ssr,BATCHBISECT,4,12.090164184570312,174.0,6.5
410.0,cloudify.csv,ssr,BATCHBISECT,8,16.18852424621582,644.0,8.5
411.0,cloudify.csv,ssr,BATCHBISECT,16,15.163934707641602,2068.0,7.5
412.0,graylog2-server.csv,ssr,BATCHSTOP4,4,4.239401340484619,102.0,4
413.0,graylog2-server.csv,ssr,BATCHSTOP4,8,7.23192024230957,476.0,13
414.0,graylog2-server.csv,ssr,BATCHSTOP4,16,9.476308822631836,1495.0,13
415.0,graylog2-server.csv,ssr,BATCH4,4,4.239401340484619,102.0,4
416.0,graylog2-server.csv,ssr,BATCHBISECT,1,14.46384048461914,0.0,2.0
417.0,graylog2-server.csv,ssr,BATCHBISECT,2,8.478802680969238,30.0,6
418.0,graylog2-server.csv,ssr,BATCHBISECT,4,4.239401340484619,102.0,4
419.0,graylog2-server.csv,ssr,BATCHBISECT,8,7.23192024230957,476.0,13
420.0,graylog2-server.csv,ssr,BATCHBISECT,16,9.476308822631836,1495.0,13
421.0,fog.csv,ssr,BATCHSTOP4,4,46.72364807128906,283.0,5.0
422.0,fog.csv,ssr,BATCHSTOP4,8,46.43874740600586,700.0,10.0
423.0,fog.csv,ssr,BATCHSTOP4,16,61.53845977783203,2085.0,8
424.0,fog.csv,ssr,BATCH4,4,46.72364807128906,283.0,5.0
425.0,fog.csv,ssr,BATCHBISECT,1,53.56125259399414,0.0,2.0
426.0,fog.csv,ssr,BATCHBISECT,2,49.28775024414063,105.0,3.0
427.0,fog.csv,ssr,BATCHBISECT,4,52.421653747558594,283.0,5.0
428.0,fog.csv,ssr,BATCHBISECT,8,50.99715042114258,700.0,10.0
429.0,fog.csv,ssr,BATCHBISECT,16,66.66666412353516,2085.0,8
430.0,opal.csv,ssr,BATCHSTOP4,4,11.160714149475098,102.0,3.5
431.0,opal.csv,ssr,BATCHSTOP4,8,10.267857551574709,308.0,7
432.0,opal.csv,ssr,BATCHSTOP4,16,21.428571701049805,996.0,12.0
433.0,opal.csv,ssr,BATCH4,4,11.160714149475098,102.0,3.5
434.0,opal.csv,ssr,BATCHBISECT,1,7.589285850524902,0.0,4
435.0,opal.csv,ssr,BATCHBISECT,2,9.375,17.0,4
436.0,opal.csv,ssr,BATCHBISECT,4,12.053571701049805,102.0,3.5
437.0,opal.csv,ssr,BATCHBISECT,8,10.267857551574709,308.0,7
438.0,opal.csv,ssr,BATCHBISECT,16,22.321428298950195,996.0,12.0
439.0,geoserver.csv,ssr,BATCHSTOP4,4,76.78571319580078,198.0,3
440.0,geoserver.csv,ssr,BATCHSTOP4,8,97.61904907226562,533.0,6.0
441.0,geoserver.csv,ssr,BATCHSTOP4,16,110.11904907226562,1201.0,6.0
442.0,geoserver.csv,ssr,BATCH4,4,76.78571319580078,198.0,3
443.0,geoserver.csv,ssr,BATCHBISECT,1,43.4523811340332,0.0,3
444.0,geoserver.csv,ssr,BATCHBISECT,2,66.07142639160156,57.0,3
445.0,geoserver.csv,ssr,BATCHBISECT,4,85.11904907226562,198.0,3
446.0,geoserver.csv,ssr,BATCHBISECT,8,108.33333587646484,533.0,6.0
447.0,geoserver.csv,ssr,BATCHBISECT,16,120.83333587646484,1201.0,6.0
448.0,gradle.csv,ssr,BATCHSTOP4,4,10.592459678649902,222.0,7
449.0,gradle.csv,ssr,BATCHSTOP4,8,14.542190551757812,756.0,12
450.0,gradle.csv,ssr,BATCHSTOP4,16,18.85098648071289,2491.0,9.0
451.0,gradle.csv,ssr,BATCH4,4,10.592459678649902,222.0,7
452.0,gradle.csv,ssr,BATCHBISECT,1,34.29084396362305,0.0,2.0
453.0,gradle.csv,ssr,BATCHBISECT,2,13.285457611083984,62.0,5.0
454.0,gradle.csv,ssr,BATCHBISECT,4,10.592459678649902,222.0,7
455.0,gradle.csv,ssr,BATCHBISECT,8,14.542190551757812,756.0,12
456.0,gradle.csv,ssr,BATCHBISECT,16,18.85098648071289,2491.0,9.0
457.0,sonarqube.csv,ssr,BATCHSTOP4,4,17.66666603088379,150.0,7
458.0,sonarqube.csv,ssr,BATCHSTOP4,8,29.0,532.0,6.5
459.0,sonarqube.csv,ssr,BATCHSTOP4,16,43.66666793823242,1708.0,7.5
460.0,sonarqube.csv,ssr,BATCH4,4,17.66666603088379,150.0,7
461.0,sonarqube.csv,ssr,BATCHBISECT,1,36.33333206176758,0.0,3.0
462.0,sonarqube.csv,ssr,BATCHBISECT,2,30.66666603088379,68.0,3.5
463.0,sonarqube.csv,ssr,BATCHBISECT,4,17.66666603088379,150.0,7
464.0,sonarqube.csv,ssr,BATCHBISECT,8,29.0,532.0,6.5
465.0,sonarqube.csv,ssr,BATCHBISECT,16,44.33333206176758,1708.0,7.5
466.0,open-build-service.csv,ssr,BATCHSTOP4,4,28.540773391723636,261.0,5.5
467.0,open-build-service.csv,ssr,BATCHSTOP4,8,37.339054107666016,899.0,7
468.0,open-build-service.csv,ssr,BATCHSTOP4,16,61.80257415771485,3028.0,17
469.0,open-build-service.csv,ssr,BATCH4,4,28.540773391723636,261.0,5.5
470.0,open-build-service.csv,ssr,BATCHBISECT,1,37.55364990234375,0.0,3.0
471.0,open-build-service.csv,ssr,BATCHBISECT,2,40.77253341674805,134.0,2.5
472.0,open-build-service.csv,ssr,BATCHBISECT,4,29.399141311645508,261.0,5.5
473.0,open-build-service.csv,ssr,BATCHBISECT,8,37.76824188232422,899.0,7
474.0,open-build-service.csv,ssr,BATCHBISECT,16,62.660945892333984,3028.0,17
0.0,orbeon-forms.csv,ml,BATCH4,4,55.36480686695279,342.0,0.0
1.0,orbeon-forms.csv,ml,BATCHSTOP4,4,55.36480686695279,342.0,0.0
2.0,orbeon-forms.csv,ml,BATCHSTOP4,8,59.65665236051502,812.0,0.0
3.0,orbeon-forms.csv,ml,BATCHSTOP4,16,61.37339055793991,1800.0,0.0
4.0,orbeon-forms.csv,ml,BATCHBISECT,2,64.37768240343348,110.0,0.0
5.0,orbeon-forms.csv,ml,BATCHBISECT,4,57.081545064377686,342.0,0.0
6.0,orbeon-forms.csv,ml,BATCHBISECT,8,60.51502145922747,812.0,0.0
7.0,orbeon-forms.csv,ml,BATCHBISECT,16,63.09012875536481,1800.0,0.0
8.0,puppet.csv,ml,BATCH4,4,36.231884057971016,102.0,0.0
9.0,puppet.csv,ml,BATCHSTOP4,4,36.231884057971016,102.0,0.0
10.0,puppet.csv,ml,BATCHSTOP4,8,21.73913043478261,252.0,1.0
11.0,puppet.csv,ml,BATCHSTOP4,16,18.84057971014493,600.0,1.0
12.0,puppet.csv,ml,BATCHBISECT,2,50.72463768115942,33.0,1.0
13.0,puppet.csv,ml,BATCHBISECT,4,36.231884057971016,102.0,0.0
14.0,puppet.csv,ml,BATCHBISECT,8,21.73913043478261,252.0,1.0
15.0,puppet.csv,ml,BATCHBISECT,16,18.84057971014493,600.0,1.0
16.0,graylog2-server.csv,ml,BATCH4,4,30.174563591022444,558.0,0.0
17.0,graylog2-server.csv,ml,BATCHSTOP4,4,30.174563591022444,558.0,0.0
18.0,graylog2-server.csv,ml,BATCHSTOP4,8,22.693266832917704,1372.0,0.0
19.0,graylog2-server.csv,ml,BATCHSTOP4,16,20.1995012468828,3000.0,0.0
20.0,graylog2-server.csv,ml,BATCHBISECT,2,44.63840399002494,169.0,1.5
21.0,graylog2-server.csv,ml,BATCHBISECT,4,30.174563591022444,558.0,0.0
22.0,graylog2-server.csv,ml,BATCHBISECT,8,22.693266832917704,1372.0,0.0
23.0,graylog2-server.csv,ml,BATCHBISECT,16,20.1995012468828,3000.0,0.0
24.0,vagrant.csv,ml,BATCH4,4,33.098591549295776,372.0,1.0
25.0,vagrant.csv,ml,BATCHSTOP4,4,33.098591549295776,372.0,1.0
26.0,vagrant.csv,ml,BATCHSTOP4,8,31.338028169014084,980.0,0.0
27.0,vagrant.csv,ml,BATCHSTOP4,16,30.985915492957748,2160.0,0.0
28.0,vagrant.csv,ml,BATCHBISECT,2,42.6056338028169,107.0,1.5
29.0,vagrant.csv,ml,BATCHBISECT,4,33.098591549295776,372.0,1.0
30.0,vagrant.csv,ml,BATCHBISECT,8,31.338028169014084,980.0,0.0
31.0,vagrant.csv,ml,BATCHBISECT,16,30.985915492957748,2160.0,0.0
32.0,gradle.csv,ml,BATCH4,4,31.95691202872532,660.0,1.0
33.0,gradle.csv,ml,BATCHSTOP4,4,31.95691202872532,660.0,1.0
34.0,gradle.csv,ml,BATCHSTOP4,8,32.13644524236984,1820.0,0.0
35.0,gradle.csv,ml,BATCHSTOP4,16,29.802513464991023,4080.0,1.0
36.0,gradle.csv,ml,BATCHBISECT,2,35.5475763016158,174.0,2.0
37.0,gradle.csv,ml,BATCHBISECT,4,31.95691202872532,660.0,1.0
38.0,gradle.csv,ml,BATCHBISECT,8,32.49551166965889,1820.0,0.0
39.0,gradle.csv,ml,BATCHBISECT,16,30.16157989228008,4080.0,1.0
40.0,geoserver.csv,ml,BATCH4,4,98.8095238095238,252.0,0.0
41.0,geoserver.csv,ml,BATCHSTOP4,4,98.8095238095238,252.0,0.0
42.0,geoserver.csv,ml,BATCHSTOP4,8,111.3095238095238,588.0,0.0
43.0,geoserver.csv,ml,BATCHSTOP4,16,117.26190476190476,1320.0,0.0
44.0,geoserver.csv,ml,BATCHBISECT,2,88.0952380952381,76.0,1.5
45.0,geoserver.csv,ml,BATCHBISECT,4,109.52380952380952,252.0,0.0
46.0,geoserver.csv,ml,BATCHBISECT,8,122.02380952380952,588.0,0.0
47.0,geoserver.csv,ml,BATCHBISECT,16,127.97619047619048,1320.0,0.0
48.0,sonarqube.csv,ml,BATCH4,4,51.66666666666666,426.0,1.0
49.0,sonarqube.csv,ml,BATCHSTOP4,4,51.66666666666666,426.0,1.0
50.0,sonarqube.csv,ml,BATCHSTOP4,8,49.66666666666666,1036.0,1.0
51.0,sonarqube.csv,ml,BATCHSTOP4,16,53.66666666666666,2280.0,1.0
52.0,sonarqube.csv,ml,BATCHBISECT,2,54.66666666666666,128.0,1.0
53.0,sonarqube.csv,ml,BATCHBISECT,4,51.66666666666666,426.0,1.0
54.0,sonarqube.csv,ml,BATCHBISECT,8,49.66666666666666,1036.0,1.0
55.0,sonarqube.csv,ml,BATCHBISECT,16,53.66666666666666,2280.0,1.0
56.0,opal.csv,ml,BATCH4,4,39.73214285714285,318.0,0.0
57.0,opal.csv,ml,BATCHSTOP4,4,39.73214285714285,318.0,0.0
58.0,opal.csv,ml,BATCHSTOP4,8,35.714285714285715,784.0,0.0
59.0,opal.csv,ml,BATCHSTOP4,16,33.035714285714285,1680.0,1.0
60.0,opal.csv,ml,BATCHBISECT,2,50.0,96.0,1.0
61.0,opal.csv,ml,BATCHBISECT,4,39.73214285714285,318.0,0.0
62.0,opal.csv,ml,BATCHBISECT,8,35.714285714285715,784.0,0.0
63.0,opal.csv,ml,BATCHBISECT,16,33.035714285714285,1680.0,1.0
64.0,fog.csv,ml,BATCH4,4,69.51566951566952,504.0,1.0
65.0,fog.csv,ml,BATCHSTOP4,4,69.51566951566952,504.0,1.0
66.0,fog.csv,ml,BATCHSTOP4,8,72.07977207977208,1204.0,1.0
67.0,fog.csv,ml,BATCHSTOP4,16,80.34188034188034,2640.0,1.0
68.0,fog.csv,ml,BATCHBISECT,2,67.52136752136752,149.0,1.0
69.0,fog.csv,ml,BATCHBISECT,4,73.5042735042735,504.0,1.0
70.0,fog.csv,ml,BATCHBISECT,8,76.63817663817663,1204.0,1.0
71.0,fog.csv,ml,BATCHBISECT,16,83.19088319088318,2640.0,1.0
72.0,cloudify.csv,ml,BATCH4,4,33.60655737704918,600.0,5.0
73.0,cloudify.csv,ml,BATCHSTOP4,4,33.60655737704918,600.0,5.0
74.0,cloudify.csv,ml,BATCHSTOP4,8,30.942622950819672,1540.0,0.0
75.0,cloudify.csv,ml,BATCHSTOP4,16,29.30327868852459,3480.0,0.0
76.0,cloudify.csv,ml,BATCHBISECT,2,41.59836065573771,171.0,1.5
77.0,cloudify.csv,ml,BATCHBISECT,4,33.60655737704918,600.0,5.0
78.0,cloudify.csv,ml,BATCHBISECT,8,31.352459016393443,1540.0,0.0
79.0,cloudify.csv,ml,BATCHBISECT,16,30.12295081967213,3480.0,0.0
80.0,concerto.csv,ml,BATCH4,4,35.172413793103445,324.0,1.0
81.0,concerto.csv,ml,BATCHSTOP4,4,35.172413793103445,324.0,1.0
82.0,concerto.csv,ml,BATCHSTOP4,8,38.96551724137931,924.0,1.0
83.0,concerto.csv,ml,BATCHSTOP4,16,39.310344827586206,2160.0,0.0
84.0,concerto.csv,ml,BATCHBISECT,2,33.10344827586207,78.0,1.0
85.0,concerto.csv,ml,BATCHBISECT,4,35.172413793103445,324.0,1.0
86.0,concerto.csv,ml,BATCHBISECT,8,38.96551724137931,924.0,1.0
87.0,concerto.csv,ml,BATCHBISECT,16,40.689655172413794,2160.0,0.0
88.0,open-build-service.csv,ml,BATCH4,4,57.081545064377686,636.0,1.0
89.0,open-build-service.csv,ml,BATCHSTOP4,4,57.081545064377686,636.0,1.0
90.0,open-build-service.csv,ml,BATCHSTOP4,8,63.09012875536481,1568.0,0.0
91.0,open-build-service.csv,ml,BATCHSTOP4,16,70.60085836909872,3480.0,0.0
92.0,open-build-service.csv,ml,BATCHBISECT,2,57.51072961373391,186.0,1.0
93.0,open-build-service.csv,ml,BATCHBISECT,4,58.36909871244635,636.0,1.0
94.0,open-build-service.csv,ml,BATCHBISECT,8,65.23605150214593,1568.0,0.0
95.0,open-build-service.csv,ml,BATCHBISECT,16,71.88841201716738,3480.0,0.0
96.0,sufia.csv,ml,BATCH4,4,47.36842105263158,30.0,0.0
97.0,sufia.csv,ml,BATCHSTOP4,4,47.36842105263158,30.0,0.0
98.0,sufia.csv,ml,BATCHSTOP4,8,47.36842105263158,84.0,0.0
99.0,sufia.csv,ml,BATCHSTOP4,16,52.63157894736842,240.0,0.0
100.0,sufia.csv,ml,BATCHBISECT,2,57.89473684210526,9.0,0.0
101.0,sufia.csv,ml,BATCHBISECT,4,47.36842105263158,30.0,0.0
102.0,sufia.csv,ml,BATCHBISECT,8,47.36842105263158,84.0,0.0
103.0,sufia.csv,ml,BATCHBISECT,16,52.63157894736842,240.0,0.0
104.0,metasploit-framework.csv,ml,BATCH4,4,35.53826199740597,1068.0,0.0
105.0,metasploit-framework.csv,ml,BATCHSTOP4,4,35.53826199740597,1068.0,0.0
106.0,metasploit-framework.csv,ml,BATCHSTOP4,8,29.182879377431902,2604.0,1.0
107.0,metasploit-framework.csv,ml,BATCHSTOP4,16,28.79377431906615,5760.0,0.0
108.0,metasploit-framework.csv,ml,BATCHBISECT,2,48.119325551232166,327.0,1.0
109.0,metasploit-framework.csv,ml,BATCHBISECT,4,35.53826199740597,1068.0,0.0
110.0,metasploit-framework.csv,ml,BATCHBISECT,8,29.182879377431902,2604.0,1.0
111.0,metasploit-framework.csv,ml,BATCHBISECT,16,29.053177691309987,5760.0,0.0
112.0,cloud_controller_ng.csv,ml,BATCH4,4,71.14624505928853,360.0,1.5
113.0,cloud_controller_ng.csv,ml,BATCHSTOP4,4,71.14624505928853,360.0,1.5
114.0,cloud_controller_ng.csv,ml,BATCHSTOP4,8,78.65612648221344,868.0,3.0
115.0,cloud_controller_ng.csv,ml,BATCHSTOP4,16,86.16600790513834,1920.0,0.0
116.0,cloud_controller_ng.csv,ml,BATCHBISECT,2,62.45059288537549,106.0,1.0
117.0,cloud_controller_ng.csv,ml,BATCHBISECT,4,71.93675889328063,360.0,1.5
118.0,cloud_controller_ng.csv,ml,BATCHBISECT,8,79.44664031620553,868.0,3.0
119.0,cloud_controller_ng.csv,ml,BATCHBISECT,16,86.16600790513834,1920.0,0.0
120.0,rubinius.csv,ml,BATCH4,4,73.18181818181819,318.0,2.0
121.0,rubinius.csv,ml,BATCHSTOP4,4,73.18181818181819,318.0,2.0
122.0,rubinius.csv,ml,BATCHSTOP4,8,80.9090909090909,784.0,0.0
123.0,rubinius.csv,ml,BATCHSTOP4,16,87.27272727272727,1680.0,0.0
124.0,rubinius.csv,ml,BATCHBISECT,2,78.18181818181819,104.0,2.0
125.0,rubinius.csv,ml,BATCHBISECT,4,79.54545454545455,318.0,2.0
126.0,rubinius.csv,ml,BATCHBISECT,8,87.27272727272727,784.0,0.0
127.0,rubinius.csv,ml,BATCHBISECT,16,92.72727272727272,1680.0,0.0
128.0,jruby.csv,ml,BATCH4,4,76.99757869249395,588.0,2.0
129.0,jruby.csv,ml,BATCHSTOP4,4,76.99757869249395,588.0,2.0
130.0,jruby.csv,ml,BATCHSTOP4,8,88.86198547215497,1428.0,0.0
131.0,jruby.csv,ml,BATCHSTOP4,16,94.91525423728814,3120.0,0.0
132.0,jruby.csv,ml,BATCHBISECT,2,72.88135593220339,173.0,1.0
133.0,jruby.csv,ml,BATCHBISECT,4,83.7772397094431,588.0,2.0
134.0,jruby.csv,ml,BATCHBISECT,8,95.15738498789348,1428.0,0.0
135.0,jruby.csv,ml,BATCHBISECT,16,101.21065375302663,3120.0,0.0
136.0,loomio.csv,ml,BATCH4,4,69.7560975609756,306.0,0.0
137.0,loomio.csv,ml,BATCHSTOP4,4,69.7560975609756,306.0,0.0
138.0,loomio.csv,ml,BATCHSTOP4,8,64.39024390243902,728.0,0.0
139.0,loomio.csv,ml,BATCHSTOP4,16,67.8048780487805,1560.0,0.0
140.0,loomio.csv,ml,BATCHBISECT,2,66.82926829268293,91.0,1.5
141.0,loomio.csv,ml,BATCHBISECT,4,71.70731707317073,306.0,0.0
142.0,loomio.csv,ml,BATCHBISECT,8,70.2439024390244,728.0,0.0
143.0,loomio.csv,ml,BATCHBISECT,16,73.65853658536585,1560.0,0.0
144.0,rails.csv,ml,BATCH4,4,58.36154366960054,2076.0,1.0
145.0,rails.csv,ml,BATCHSTOP4,4,58.36154366960054,2076.0,1.0
146.0,rails.csv,ml,BATCHSTOP4,8,61.54366960054164,5068.0,2.0
147.0,rails.csv,ml,BATCHSTOP4,16,66.89234935680433,11040.0,1.0
148.0,rails.csv,ml,BATCHBISECT,2,60.25727826675694,634.0,1.0
149.0,rails.csv,ml,BATCHBISECT,4,60.39268788083954,2076.0,1.0
150.0,rails.csv,ml,BATCHBISECT,8,64.25186188219364,5068.0,2.0
151.0,rails.csv,ml,BATCHBISECT,16,69.05890318212593,11040.0,1.0
